id,label
2_2_0.png,RBC
2_2_1.png,RBC
2_2_2.png,RBC
2_2_3.png,RBC
2_2_4.png,RBC
2_2_5.png,RBC
2_2_6.png,RBC
2_2_7.png,RBC
2_2_8.png,RBC
2_2_9.png,RBC
2_2_10.png,RBC
2_2_11.png,RBC
2_2_12.png,RBC
2_2_13.png,RBC
2_2_14.png,RBC
2_2_15.png,RBC
2_2_16.png,RBC
2_2_17.png,RBC
2_2_18.png,RBC
2_2_19.png,RBC
2_2_20.png,RBC
2_2_21.png,RBC
2_2_22.png,RBC
2_2_23.png,RBC
2_2_24.png,RBC
2_2_25.png,RBC
2_2_26.png,RBC
2_2_27.png,RBC
2_2_28.png,RBC
2_2_29.png,RBC
2_2_30.png,RBC
2_2_31.png,RBC
2_2_32.png,RBC
2_2_33.png,RBC
2_2_34.png,RBC
2_2_35.png,RBC
2_2_36.png,RBC
2_2_37.png,RBC
2_2_38.png,RBC
2_2_39.png,RBC
2_2_40.png,RBC
2_2_41.png,RBC
2_2_42.png,RBC
2_2_43.png,RBC
2_2_44.png,RBC
2_2_46.png,RBC
2_2_47.png,RBC
2_2_48.png,RBC
2_2_49.png,RBC
2_2_50.png,RBC
2_2_51.png,RBC
2_2_52.png,RBC
2_2_53.png,RBC
2_2_54.png,RBC
2_2_55.png,RBC
2_2_56.png,RBC
2_2_57.png,RBC
2_2_58.png,RBC
2_2_59.png,RBC
2_2_60.png,RBC
2_2_61.png,RBC
2_2_62.png,RBC
2_2_63.png,RBC
2_2_65.png,RBC
2_2_66.png,RBC
2_2_67.png,RBC
2_2_68.png,RBC
2_2_69.png,RBC
2_2_70.png,RBC
2_2_71.png,RBC
2_2_72.png,RBC
2_2_73.png,RBC
2_2_74.png,RBC
2_2_75.png,RBC
2_2_76.png,RBC
2_2_77.png,RBC
2_2_78.png,RBC
2_2_79.png,RBC
2_2_80.png,RBC
2_2_81.png,RBC
2_2_82.png,RBC
2_2_83.png,RBC
2_2_84.png,RBC
2_2_85.png,RBC
2_2_86.png,RBC
2_2_87.png,RBC
2_2_88.png,RBC
2_2_89.png,RBC
2_2_90.png,RBC
2_2_91.png,RBC
2_2_92.png,RBC
2_2_93.png,RBC
2_2_94.png,RBC
2_2_95.png,RBC
2_2_96.png,RBC
2_2_97.png,RBC
2_2_98.png,RBC
2_2_99.png,RBC
2_2_100.png,RBC
2_2_101.png,RBC
2_2_102.png,RBC
2_2_104.png,RBC
2_2_105.png,RBC
2_2_109.png,RBC
2_2_110.png,RBC
2_2_111.png,RBC
2_2_115.png,WBC
2_2_116.png,RBC
2_2_117.png,RBC
2_2_121.png,RBC
2_2_125.png,RBC
2_2_131.png,RBC
2_2_132.png,RBC
2_2_133.png,RBC
2_2_134.png,RBC
2_2_135.png,RBC
4_12_0.png,RBC
4_12_1.png,RBC
4_12_2.png,RBC
4_12_3.png,RBC
4_12_4.png,RBC
4_12_5.png,RBC
4_12_6.png,RBC
4_12_7.png,RBC
4_12_8.png,RBC
4_12_9.png,RBC
4_12_10.png,RBC
4_12_11.png,RBC
4_12_12.png,RBC
4_12_13.png,RBC
4_12_14.png,RBC
4_12_15.png,RBC
4_12_16.png,RBC
4_12_17.png,RBC
4_12_18.png,RBC
4_12_19.png,RBC
4_12_20.png,RBC
4_12_21.png,RBC
4_12_22.png,RBC
4_12_23.png,RBC
4_12_24.png,RBC
4_12_25.png,RBC
4_12_26.png,RBC
4_12_27.png,RBC
4_12_28.png,RBC
4_12_29.png,WBC
4_12_30.png,RBC
4_12_31.png,RBC
4_12_32.png,RBC
4_12_33.png,RBC
4_12_34.png,RBC
4_12_35.png,RBC
4_12_36.png,RBC
4_12_37.png,RBC
4_12_38.png,RBC
4_12_39.png,RBC
4_12_40.png,RBC
4_12_41.png,RBC
4_12_42.png,RBC
4_12_43.png,RBC
4_12_44.png,RBC
4_12_45.png,RBC
4_12_46.png,RBC
4_12_47.png,RBC
4_12_48.png,RBC
4_12_49.png,RBC
4_12_50.png,RBC
4_12_51.png,RBC
4_12_52.png,RBC
4_12_53.png,RBC
4_12_54.png,RBC
4_12_55.png,RBC
4_12_56.png,RBC
4_12_57.png,RBC
4_12_58.png,RBC
4_12_59.png,RBC
4_12_60.png,RBC
4_12_61.png,RBC
4_12_62.png,RBC
4_12_63.png,RBC
4_12_64.png,RBC
4_12_65.png,RBC
4_12_66.png,RBC
4_12_67.png,RBC
4_12_68.png,RBC
4_12_69.png,RBC
4_12_70.png,RBC
4_12_71.png,RBC
4_12_72.png,RBC
4_12_73.png,RBC
4_12_74.png,RBC
4_12_75.png,RBC
4_12_77.png,RBC
4_12_78.png,RBC
4_12_79.png,RBC
4_12_80.png,RBC
4_12_81.png,RBC
4_12_82.png,RBC
4_12_83.png,RBC
4_12_84.png,RBC
4_12_85.png,RBC
4_12_86.png,RBC
4_12_87.png,RBC
4_12_88.png,RBC
4_12_91.png,RBC
4_12_92.png,RBC
4_12_93.png,RBC
4_12_94.png,RBC
4_12_95.png,RBC
4_12_97.png,RBC
4_12_98.png,RBC
4_12_100.png,RBC
4_12_101.png,RBC
4_12_102.png,RBC
4_12_103.png,RBC
4_12_104.png,RBC
4_12_105.png,RBC
4_12_106.png,RBC
4_12_108.png,RBC
4_12_117.png,RBC
4_12_120.png,RBC
4_8_0.png,RBC
4_8_1.png,RBC
4_8_3.png,RBC
4_8_4.png,RBC
4_8_5.png,RBC
4_8_6.png,RBC
4_8_7.png,RBC
4_8_8.png,RBC
4_8_9.png,RBC
4_8_10.png,RBC
4_8_11.png,RBC
4_8_12.png,RBC
4_8_13.png,RBC
4_8_14.png,RBC
4_8_15.png,RBC
4_8_16.png,RBC
4_8_17.png,RBC
4_8_18.png,RBC
4_8_19.png,RBC
4_8_20.png,RBC
4_8_21.png,RBC
4_8_22.png,RBC
4_8_23.png,RBC
4_8_24.png,RBC
4_8_25.png,RBC
4_8_26.png,RBC
4_8_27.png,RBC
4_8_28.png,RBC
4_8_29.png,RBC
4_8_30.png,RBC
4_8_31.png,RBC
4_8_32.png,RBC
4_8_33.png,RBC
4_8_34.png,RBC
4_8_35.png,RBC
4_8_36.png,RBC
4_8_37.png,RBC
4_8_38.png,RBC
4_8_39.png,RBC
4_8_40.png,RBC
4_8_41.png,RBC
4_8_42.png,RBC
4_8_43.png,RBC
4_8_44.png,RBC
4_8_45.png,RBC
4_8_46.png,RBC
4_8_47.png,RBC
4_8_48.png,RBC
4_8_49.png,RBC
4_8_50.png,RBC
4_8_51.png,RBC
4_8_52.png,RBC
4_8_53.png,RBC
4_8_54.png,RBC
4_8_55.png,RBC
4_8_56.png,RBC
4_8_57.png,RBC
4_8_58.png,RBC
4_8_59.png,RBC
4_8_60.png,RBC
4_8_61.png,RBC
4_8_62.png,RBC
4_8_63.png,RBC
4_8_64.png,RBC
4_8_65.png,RBC
4_8_66.png,RBC
4_8_67.png,RBC
4_8_68.png,RBC
4_8_69.png,RBC
4_8_70.png,RBC
4_8_71.png,RBC
4_8_72.png,RBC
4_8_73.png,RBC
4_8_74.png,RBC
4_8_75.png,RBC
4_8_76.png,RBC
4_8_77.png,RBC
4_8_78.png,RBC
4_8_79.png,RBC
4_8_80.png,RBC
4_8_81.png,RBC
4_8_82.png,RBC
4_8_83.png,RBC
4_8_84.png,RBC
4_8_85.png,RBC
4_8_86.png,RBC
4_8_87.png,RBC
4_8_88.png,RBC
4_8_89.png,RBC
4_8_90.png,RBC
4_8_91.png,RBC
4_8_92.png,RBC
4_8_93.png,RBC
4_8_94.png,RBC
4_8_95.png,RBC
4_8_96.png,RBC
4_8_97.png,RBC
4_8_98.png,RBC
4_8_99.png,RBC
4_8_100.png,RBC
4_8_102.png,RBC
4_8_103.png,RBC
4_8_104.png,RBC
4_8_106.png,RBC
4_8_108.png,RBC
4_8_110.png,RBC
4_8_114.png,WBC
4_8_121.png,RBC
4_8_125.png,RBC
4_8_130.png,RBC
4_8_132.png,RBC
4_8_137.png,RBC
4_8_141.png,RBC
5_9_0.png,RBC
5_9_1.png,RBC
5_9_2.png,RBC
5_9_3.png,RBC
5_9_4.png,RBC
5_9_5.png,RBC
5_9_7.png,RBC
5_9_8.png,RBC
5_9_9.png,RBC
5_9_10.png,RBC
5_9_11.png,RBC
5_9_12.png,RBC
5_9_13.png,RBC
5_9_14.png,RBC
5_9_15.png,RBC
5_9_16.png,RBC
5_9_17.png,RBC
5_9_18.png,RBC
5_9_19.png,RBC
5_9_20.png,RBC
5_9_21.png,RBC
5_9_22.png,RBC
5_9_23.png,RBC
5_9_24.png,RBC
5_9_27.png,RBC
5_9_28.png,RBC
5_9_29.png,RBC
5_9_30.png,RBC
5_9_31.png,RBC
5_9_32.png,RBC
5_9_33.png,RBC
5_9_34.png,RBC
5_9_35.png,RBC
5_9_36.png,RBC
5_9_37.png,RBC
5_9_38.png,RBC
5_9_39.png,RBC
5_9_40.png,RBC
5_9_41.png,RBC
5_9_42.png,RBC
5_9_43.png,RBC
5_9_44.png,RBC
5_9_45.png,RBC
5_9_46.png,RBC
5_9_47.png,RBC
5_9_48.png,RBC
5_9_49.png,RBC
5_9_50.png,RBC
5_9_51.png,RBC
5_9_52.png,RBC
5_9_53.png,RBC
5_9_54.png,RBC
5_9_55.png,RBC
5_9_56.png,RBC
5_9_57.png,RBC
5_9_58.png,RBC
5_9_59.png,RBC
5_9_60.png,RBC
5_9_61.png,RBC
5_9_62.png,RBC
5_9_63.png,RBC
5_9_64.png,RBC
5_9_65.png,RBC
5_9_67.png,RBC
5_9_68.png,RBC
5_9_69.png,RBC
5_9_70.png,RBC
5_9_71.png,RBC
5_9_72.png,RBC
5_9_73.png,RBC
5_9_74.png,RBC
5_9_76.png,RBC
5_9_77.png,WBC
5_9_79.png,RBC
5_9_80.png,RBC
5_9_81.png,RBC
5_9_82.png,RBC
5_9_83.png,RBC
5_9_84.png,RBC
5_9_85.png,RBC
5_9_86.png,RBC
5_9_87.png,RBC
5_9_94.png,RBC
5_9_98.png,RBC
5_9_102.png,RBC
5_9_105.png,RBC
5_9_109.png,RBC
5_9_126.png,RBC
8_19_0.png,RBC
8_19_1.png,RBC
8_19_2.png,RBC
8_19_4.png,RBC
8_19_5.png,RBC
8_19_6.png,RBC
8_19_7.png,RBC
8_19_8.png,RBC
8_19_9.png,RBC
8_19_10.png,RBC
8_19_11.png,RBC
8_19_12.png,RBC
8_19_13.png,RBC
8_19_14.png,RBC
8_19_15.png,RBC
8_19_16.png,RBC
8_19_17.png,RBC
8_19_18.png,RBC
8_19_19.png,RBC
8_19_20.png,RBC
8_19_21.png,RBC
8_19_22.png,RBC
8_19_23.png,RBC
8_19_24.png,RBC
8_19_25.png,RBC
8_19_26.png,RBC
8_19_27.png,RBC
8_19_28.png,RBC
8_19_29.png,RBC
8_19_30.png,RBC
8_19_32.png,RBC
8_19_33.png,RBC
8_19_34.png,RBC
8_19_35.png,RBC
8_19_36.png,RBC
8_19_37.png,RBC
8_19_38.png,RBC
8_19_39.png,RBC
8_19_40.png,RBC
8_19_41.png,RBC
8_19_42.png,RBC
8_19_43.png,RBC
8_19_44.png,RBC
8_19_45.png,RBC
8_19_46.png,WBC
8_19_47.png,RBC
8_19_48.png,RBC
8_19_49.png,RBC
8_19_50.png,RBC
8_19_51.png,RBC
8_19_52.png,RBC
8_19_53.png,RBC
8_19_54.png,RBC
8_19_55.png,RBC
8_19_56.png,RBC
8_19_57.png,RBC
8_19_58.png,RBC
8_19_59.png,RBC
8_19_60.png,RBC
8_19_61.png,RBC
8_19_62.png,RBC
8_19_63.png,RBC
8_19_64.png,RBC
8_19_65.png,RBC
8_19_66.png,RBC
8_19_67.png,RBC
8_19_68.png,RBC
8_19_69.png,RBC
8_19_70.png,RBC
8_19_71.png,RBC
8_19_72.png,RBC
8_19_75.png,RBC
8_19_76.png,RBC
8_19_77.png,RBC
8_19_78.png,RBC
8_19_80.png,RBC
8_19_81.png,RBC
8_19_84.png,RBC
8_19_85.png,RBC
8_19_87.png,RBC
8_19_89.png,RBC
9_12_0.png,RBC
9_12_1.png,RBC
9_12_2.png,RBC
9_12_3.png,RBC
9_12_4.png,RBC
9_12_5.png,RBC
9_12_6.png,RBC
9_12_7.png,RBC
9_12_8.png,RBC
9_12_9.png,RBC
9_12_10.png,RBC
9_12_11.png,RBC
9_12_12.png,RBC
9_12_13.png,RBC
9_12_14.png,RBC
9_12_15.png,RBC
9_12_16.png,RBC
9_12_17.png,RBC
9_12_18.png,RBC
9_12_19.png,RBC
9_12_20.png,RBC
9_12_21.png,RBC
9_12_22.png,RBC
9_12_23.png,RBC
9_12_24.png,RBC
9_12_25.png,RBC
9_12_26.png,RBC
9_12_27.png,RBC
9_12_28.png,RBC
9_12_29.png,RBC
9_12_30.png,RBC
9_12_31.png,RBC
9_12_32.png,RBC
9_12_33.png,RBC
9_12_34.png,RBC
9_12_35.png,RBC
9_12_36.png,RBC
9_12_37.png,RBC
9_12_38.png,RBC
9_12_39.png,RBC
9_12_40.png,RBC
9_12_41.png,RBC
9_12_42.png,RBC
9_12_43.png,RBC
9_12_44.png,RBC
9_12_45.png,RBC
9_12_46.png,RBC
9_12_47.png,RBC
9_12_48.png,RBC
9_12_49.png,RBC
9_12_50.png,RBC
9_12_51.png,RBC
9_12_52.png,RBC
9_12_53.png,RBC
9_12_54.png,RBC
9_12_55.png,RBC
9_12_56.png,RBC
9_12_57.png,RBC
9_12_58.png,RBC
9_12_59.png,RBC
9_12_60.png,RBC
9_12_61.png,RBC
9_12_62.png,RBC
9_12_63.png,RBC
9_12_64.png,RBC
9_12_65.png,RBC
9_12_66.png,RBC
9_12_67.png,RBC
9_12_68.png,RBC
9_12_69.png,RBC
9_12_70.png,RBC
9_12_71.png,RBC
9_12_72.png,RBC
9_12_73.png,RBC
9_12_74.png,RBC
9_12_75.png,RBC
9_12_76.png,RBC
9_12_77.png,RBC
9_12_78.png,RBC
9_12_79.png,RBC
9_12_80.png,RBC
9_12_81.png,RBC
9_12_82.png,RBC
9_12_83.png,RBC
9_12_84.png,RBC
9_12_85.png,RBC
9_12_86.png,WBC
9_12_87.png,RBC
9_12_88.png,RBC
9_12_89.png,RBC
9_12_90.png,RBC
9_12_91.png,RBC
9_12_92.png,RBC
9_12_93.png,RBC
9_12_94.png,RBC
9_12_95.png,RBC
9_12_96.png,RBC
9_12_97.png,RBC
9_12_100.png,RBC
9_12_101.png,RBC
9_12_103.png,RBC
9_12_104.png,RBC
9_12_105.png,RBC
9_12_106.png,RBC
9_12_107.png,RBC
9_12_108.png,RBC
9_12_109.png,RBC
9_12_110.png,RBC
9_12_111.png,RBC
9_12_113.png,RBC
9_12_121.png,RBC
9_12_122.png,RBC
9_12_128.png,RBC
9_12_132.png,RBC
9_12_133.png,RBC
9_13_0.png,RBC
9_13_1.png,RBC
9_13_3.png,RBC
9_13_4.png,RBC
9_13_5.png,RBC
9_13_6.png,RBC
9_13_7.png,RBC
9_13_8.png,RBC
9_13_9.png,RBC
9_13_10.png,RBC
9_13_11.png,RBC
9_13_12.png,RBC
9_13_13.png,RBC
9_13_14.png,RBC
9_13_15.png,RBC
9_13_16.png,RBC
9_13_17.png,RBC
9_13_18.png,RBC
9_13_19.png,RBC
9_13_20.png,RBC
9_13_21.png,RBC
9_13_22.png,RBC
9_13_23.png,RBC
9_13_24.png,RBC
9_13_25.png,RBC
9_13_26.png,RBC
9_13_27.png,RBC
9_13_28.png,RBC
9_13_29.png,RBC
9_13_30.png,RBC
9_13_31.png,RBC
9_13_32.png,RBC
9_13_33.png,RBC
9_13_34.png,RBC
9_13_35.png,RBC
9_13_36.png,RBC
9_13_37.png,RBC
9_13_38.png,RBC
9_13_39.png,RBC
9_13_40.png,RBC
9_13_41.png,RBC
9_13_42.png,RBC
9_13_43.png,RBC
9_13_44.png,RBC
9_13_45.png,RBC
9_13_46.png,RBC
9_13_47.png,RBC
9_13_48.png,RBC
9_13_49.png,RBC
9_13_50.png,RBC
9_13_51.png,RBC
9_13_52.png,RBC
9_13_53.png,RBC
9_13_54.png,RBC
9_13_55.png,RBC
9_13_56.png,RBC
9_13_57.png,RBC
9_13_58.png,RBC
9_13_59.png,RBC
9_13_60.png,RBC
9_13_61.png,RBC
9_13_62.png,RBC
9_13_63.png,RBC
9_13_64.png,RBC
9_13_65.png,RBC
9_13_66.png,RBC
9_13_67.png,RBC
9_13_68.png,RBC
9_13_69.png,RBC
9_13_70.png,RBC
9_13_71.png,RBC
9_13_74.png,RBC
9_13_75.png,RBC
9_13_76.png,RBC
9_13_77.png,RBC
9_13_79.png,RBC
9_13_80.png,RBC
9_13_81.png,RBC
9_13_82.png,RBC
9_13_83.png,RBC
9_13_84.png,RBC
9_13_85.png,RBC
9_13_86.png,RBC
9_13_88.png,RBC
9_13_89.png,RBC
9_13_90.png,RBC
9_13_91.png,RBC
9_13_93.png,RBC
9_13_94.png,RBC
9_13_95.png,RBC
9_13_98.png,RBC
9_13_103.png,RBC
9_13_118.png,WBC
9_13_119.png,RBC
HS2_0_13_0.png,RBC
HS2_0_13_1.png,RBC
HS2_0_13_2.png,RBC
HS2_0_13_3.png,RBC
HS2_0_13_4.png,RBC
HS2_0_13_5.png,RBC
HS2_0_13_6.png,RBC
HS2_0_13_7.png,RBC
HS2_0_13_8.png,RBC
HS2_0_13_9.png,RBC
HS2_0_13_10.png,RBC
HS2_0_13_11.png,RBC
HS2_0_13_12.png,RBC
HS2_0_13_13.png,RBC
HS2_0_13_14.png,RBC
HS2_0_13_15.png,RBC
HS2_0_13_16.png,RBC
HS2_0_13_17.png,RBC
HS2_0_13_18.png,RBC
HS2_0_13_19.png,RBC
HS2_0_13_20.png,RBC
HS2_0_13_21.png,RBC
HS2_0_13_22.png,RBC
HS2_0_13_23.png,RBC
HS2_0_13_24.png,RBC
HS2_0_13_25.png,RBC
HS2_0_13_26.png,RBC
HS2_0_13_27.png,RBC
HS2_0_13_28.png,RBC
HS2_0_13_29.png,RBC
HS2_0_13_30.png,RBC
HS2_0_13_31.png,RBC
HS2_0_13_32.png,RBC
HS2_0_13_33.png,RBC
HS2_0_13_34.png,RBC
HS2_0_13_35.png,RBC
HS2_0_13_36.png,RBC
HS2_0_13_37.png,RBC
HS2_0_13_38.png,RBC
HS2_0_13_39.png,RBC
HS2_0_13_40.png,RBC
HS2_0_13_41.png,RBC
HS2_0_13_42.png,RBC
HS2_0_13_43.png,RBC
HS2_0_13_44.png,RBC
HS2_0_13_45.png,RBC
HS2_0_13_46.png,RBC
HS2_0_13_47.png,RBC
HS2_0_13_48.png,RBC
HS2_0_13_49.png,RBC
HS2_0_13_50.png,RBC
HS2_0_13_51.png,RBC
HS2_0_13_52.png,RBC
HS2_0_13_53.png,RBC
HS2_0_13_54.png,RBC
HS2_0_13_55.png,RBC
HS2_0_13_57.png,RBC
HS2_0_13_58.png,RBC
HS2_0_13_59.png,RBC
HS2_0_13_60.png,RBC
HS2_0_13_61.png,RBC
HS2_0_13_62.png,RBC
HS2_0_13_63.png,RBC
HS2_0_13_64.png,RBC
HS2_0_13_65.png,RBC
HS2_0_13_66.png,RBC
HS2_0_13_67.png,RBC
HS2_0_13_68.png,RBC
HS2_0_13_69.png,RBC
HS2_0_13_70.png,RBC
HS2_0_13_71.png,RBC
HS2_0_13_72.png,RBC
HS2_0_13_73.png,RBC
HS2_0_13_74.png,RBC
HS2_0_13_75.png,RBC
HS2_0_13_76.png,RBC
HS2_0_13_77.png,RBC
HS2_0_13_78.png,RBC
HS2_0_13_79.png,RBC
HS2_0_13_80.png,RBC
HS2_0_13_81.png,RBC
HS2_0_13_82.png,RBC
HS2_0_13_83.png,RBC
HS2_0_13_84.png,RBC
HS2_0_13_85.png,RBC
HS2_0_13_86.png,RBC
HS2_0_13_87.png,RBC
HS2_0_13_88.png,RBC
HS2_0_13_89.png,RBC
HS2_0_13_90.png,RBC
HS2_0_13_91.png,RBC
HS2_0_13_92.png,RBC
HS2_0_13_95.png,RBC
HS2_0_13_96.png,RBC
HS2_0_13_97.png,RBC
HS2_0_13_99.png,RBC
HS2_0_13_100.png,RBC
HS2_0_13_101.png,RBC
HS2_0_13_102.png,RBC
HS2_0_13_103.png,RBC
HS2_0_13_104.png,RBC
HS2_0_13_105.png,RBC
HS2_0_13_106.png,RBC
HS2_0_13_108.png,RBC
HS2_0_13_109.png,RBC
HS2_0_13_110.png,RBC
HS2_0_13_112.png,RBC
HS2_0_13_115.png,RBC
HS2_0_13_116.png,RBC
HS2_0_13_118.png,RBC
HS2_0_13_123.png,RBC
HS2_0_13_129.png,RBC
HS2_0_13_131.png,RBC
HS2_0_13_132.png,RBC
HS2_0_13_135.png,WBC
HS2_0_13_138.png,RBC
HS2_0_13_139.png,RBC
HS2_0_13_149.png,RBC
HS2_0_13_150.png,WBC
HS2_0_13_159.png,RBC
HS2_0_13_164.png,RBC
HS2_0_6_0.png,RBC
HS2_0_6_1.png,RBC
HS2_0_6_2.png,RBC
HS2_0_6_3.png,RBC
HS2_0_6_4.png,RBC
HS2_0_6_5.png,RBC
HS2_0_6_6.png,RBC
HS2_0_6_8.png,RBC
HS2_0_6_9.png,RBC
HS2_0_6_10.png,RBC
HS2_0_6_11.png,RBC
HS2_0_6_12.png,RBC
HS2_0_6_13.png,RBC
HS2_0_6_14.png,RBC
HS2_0_6_16.png,RBC
HS2_0_6_17.png,RBC
HS2_0_6_18.png,RBC
HS2_0_6_19.png,RBC
HS2_0_6_20.png,RBC
HS2_0_6_21.png,RBC
HS2_0_6_22.png,RBC
HS2_0_6_23.png,RBC
HS2_0_6_24.png,RBC
HS2_0_6_25.png,RBC
HS2_0_6_26.png,RBC
HS2_0_6_27.png,RBC
HS2_0_6_28.png,RBC
HS2_0_6_29.png,RBC
HS2_0_6_30.png,RBC
HS2_0_6_31.png,RBC
HS2_0_6_32.png,RBC
HS2_0_6_33.png,RBC
HS2_0_6_34.png,RBC
HS2_0_6_35.png,RBC
HS2_0_6_36.png,RBC
HS2_0_6_37.png,RBC
HS2_0_6_38.png,RBC
HS2_0_6_39.png,RBC
HS2_0_6_40.png,RBC
HS2_0_6_41.png,RBC
HS2_0_6_42.png,RBC
HS2_0_6_43.png,RBC
HS2_0_6_44.png,RBC
HS2_0_6_45.png,RBC
HS2_0_6_46.png,RBC
HS2_0_6_47.png,RBC
HS2_0_6_48.png,RBC
HS2_0_6_49.png,RBC
HS2_0_6_50.png,RBC
HS2_0_6_51.png,RBC
HS2_0_6_52.png,RBC
HS2_0_6_53.png,RBC
HS2_0_6_54.png,RBC
HS2_0_6_55.png,RBC
HS2_0_6_56.png,RBC
HS2_0_6_57.png,RBC
HS2_0_6_58.png,RBC
HS2_0_6_59.png,RBC
HS2_0_6_60.png,RBC
HS2_0_6_61.png,RBC
HS2_0_6_62.png,RBC
HS2_0_6_63.png,RBC
HS2_0_6_64.png,RBC
HS2_0_6_65.png,RBC
HS2_0_6_66.png,RBC
HS2_0_6_67.png,RBC
HS2_0_6_68.png,RBC
HS2_0_6_69.png,RBC
HS2_0_6_70.png,RBC
HS2_0_6_71.png,RBC
HS2_0_6_72.png,RBC
HS2_0_6_73.png,RBC
HS2_0_6_74.png,RBC
HS2_0_6_75.png,RBC
HS2_0_6_76.png,RBC
HS2_0_6_77.png,RBC
HS2_0_6_78.png,RBC
HS2_0_6_79.png,RBC
HS2_0_6_80.png,RBC
HS2_0_6_81.png,RBC
HS2_0_6_82.png,RBC
HS2_0_6_83.png,RBC
HS2_0_6_84.png,RBC
HS2_0_6_85.png,RBC
HS2_0_6_86.png,RBC
HS2_0_6_87.png,RBC
HS2_0_6_88.png,RBC
HS2_0_6_89.png,RBC
HS2_0_6_90.png,RBC
HS2_0_6_91.png,RBC
HS2_0_6_92.png,RBC
HS2_0_6_94.png,RBC
HS2_0_6_95.png,RBC
HS2_0_6_96.png,RBC
HS2_0_6_98.png,RBC
HS2_0_6_99.png,RBC
HS2_0_6_100.png,RBC
HS2_0_6_101.png,RBC
HS2_0_6_102.png,RBC
HS2_0_6_103.png,RBC
HS2_0_6_104.png,RBC
HS2_0_6_105.png,RBC
HS2_0_6_110.png,RBC
HS2_0_6_111.png,RBC
HS2_0_6_112.png,RBC
HS2_0_6_114.png,RBC
HS2_0_6_118.png,RBC
HS2_0_6_120.png,RBC
HS2_0_6_125.png,RBC
HS2_0_6_128.png,RBC
HS2_0_6_134.png,WBC
HS2_0_6_137.png,RBC
HS2_0_6_138.png,RBC
HS2_10_1_0.png,RBC
HS2_10_1_1.png,RBC
HS2_10_1_2.png,RBC
HS2_10_1_3.png,RBC
HS2_10_1_4.png,RBC
HS2_10_1_5.png,RBC
HS2_10_1_6.png,RBC
HS2_10_1_7.png,RBC
HS2_10_1_8.png,RBC
HS2_10_1_9.png,RBC
HS2_10_1_10.png,RBC
HS2_10_1_11.png,RBC
HS2_10_1_12.png,RBC
HS2_10_1_13.png,RBC
HS2_10_1_14.png,RBC
HS2_10_1_15.png,RBC
HS2_10_1_16.png,RBC
HS2_10_1_17.png,RBC
HS2_10_1_18.png,RBC
HS2_10_1_19.png,RBC
HS2_10_1_20.png,RBC
HS2_10_1_21.png,RBC
HS2_10_1_22.png,RBC
HS2_10_1_23.png,RBC
HS2_10_1_24.png,RBC
HS2_10_1_25.png,RBC
HS2_10_1_27.png,RBC
HS2_10_1_28.png,RBC
HS2_10_1_29.png,RBC
HS2_10_1_30.png,RBC
HS2_10_1_31.png,RBC
HS2_10_1_32.png,RBC
HS2_10_1_33.png,RBC
HS2_10_1_34.png,RBC
HS2_10_1_35.png,RBC
HS2_10_1_36.png,RBC
HS2_10_1_37.png,RBC
HS2_10_1_38.png,RBC
HS2_10_1_39.png,RBC
HS2_10_1_40.png,RBC
HS2_10_1_41.png,RBC
HS2_10_1_42.png,RBC
HS2_10_1_43.png,RBC
HS2_10_1_44.png,RBC
HS2_10_1_45.png,RBC
HS2_10_1_46.png,RBC
HS2_10_1_47.png,RBC
HS2_10_1_48.png,RBC
HS2_10_1_49.png,RBC
HS2_10_1_50.png,RBC
HS2_10_1_51.png,RBC
HS2_10_1_52.png,RBC
HS2_10_1_53.png,RBC
HS2_10_1_54.png,RBC
HS2_10_1_55.png,RBC
HS2_10_1_56.png,RBC
HS2_10_1_57.png,RBC
HS2_10_1_58.png,RBC
HS2_10_1_59.png,RBC
HS2_10_1_60.png,RBC
HS2_10_1_61.png,RBC
HS2_10_1_62.png,RBC
HS2_10_1_63.png,RBC
HS2_10_1_64.png,RBC
HS2_10_1_65.png,RBC
HS2_10_1_66.png,RBC
HS2_10_1_67.png,WBC
HS2_10_1_68.png,RBC
HS2_10_1_69.png,RBC
HS2_10_1_70.png,RBC
HS2_10_1_71.png,RBC
HS2_10_1_72.png,RBC
HS2_10_1_73.png,RBC
HS2_10_1_74.png,RBC
HS2_10_1_75.png,RBC
HS2_10_1_76.png,RBC
HS2_10_1_77.png,RBC
HS2_10_1_78.png,RBC
HS2_10_1_79.png,RBC
HS2_10_1_80.png,RBC
HS2_10_1_81.png,RBC
HS2_10_1_82.png,RBC
HS2_10_1_83.png,RBC
HS2_10_1_84.png,RBC
HS2_10_1_85.png,RBC
HS2_10_1_87.png,RBC
HS2_10_1_88.png,RBC
HS2_10_1_89.png,RBC
HS2_10_1_90.png,RBC
HS2_10_1_91.png,RBC
HS2_10_1_92.png,RBC
HS2_10_1_93.png,RBC
HS2_10_1_94.png,RBC
HS2_10_1_95.png,RBC
HS2_10_1_96.png,RBC
HS2_10_1_97.png,RBC
HS2_10_1_98.png,RBC
HS2_10_1_99.png,RBC
HS2_10_1_100.png,RBC
HS2_10_1_101.png,RBC
HS2_10_1_102.png,RBC
HS2_10_1_103.png,RBC
HS2_10_1_104.png,RBC
HS2_10_1_105.png,RBC
HS2_10_1_106.png,RBC
HS2_10_1_107.png,RBC
HS2_10_1_108.png,RBC
HS2_10_1_109.png,RBC
HS2_10_1_110.png,RBC
HS2_10_1_111.png,RBC
HS2_10_1_112.png,RBC
HS2_10_1_113.png,RBC
HS2_10_1_114.png,RBC
HS2_10_1_115.png,RBC
HS2_10_1_117.png,RBC
HS2_10_1_119.png,RBC
HS2_10_1_121.png,RBC
HS2_10_1_123.png,RBC
HS2_10_1_124.png,RBC
HS2_10_1_127.png,RBC
HS2_10_14_0.png,RBC
HS2_10_14_1.png,RBC
HS2_10_14_2.png,RBC
HS2_10_14_3.png,RBC
HS2_10_14_4.png,RBC
HS2_10_14_5.png,RBC
HS2_10_14_6.png,RBC
HS2_10_14_7.png,RBC
HS2_10_14_8.png,RBC
HS2_10_14_9.png,RBC
HS2_10_14_10.png,RBC
HS2_10_14_11.png,RBC
HS2_10_14_12.png,RBC
HS2_10_14_13.png,RBC
HS2_10_14_14.png,RBC
HS2_10_14_15.png,RBC
HS2_10_14_16.png,RBC
HS2_10_14_17.png,RBC
HS2_10_14_18.png,RBC
HS2_10_14_19.png,RBC
HS2_10_14_20.png,RBC
HS2_10_14_21.png,RBC
HS2_10_14_22.png,RBC
HS2_10_14_23.png,RBC
HS2_10_14_24.png,RBC
HS2_10_14_25.png,RBC
HS2_10_14_26.png,RBC
HS2_10_14_27.png,RBC
HS2_10_14_28.png,RBC
HS2_10_14_29.png,RBC
HS2_10_14_30.png,RBC
HS2_10_14_31.png,RBC
HS2_10_14_32.png,RBC
HS2_10_14_33.png,RBC
HS2_10_14_34.png,RBC
HS2_10_14_35.png,RBC
HS2_10_14_36.png,RBC
HS2_10_14_37.png,RBC
HS2_10_14_38.png,RBC
HS2_10_14_39.png,RBC
HS2_10_14_40.png,RBC
HS2_10_14_41.png,RBC
HS2_10_14_42.png,RBC
HS2_10_14_43.png,RBC
HS2_10_14_44.png,RBC
HS2_10_14_45.png,RBC
HS2_10_14_46.png,RBC
HS2_10_14_47.png,RBC
HS2_10_14_48.png,RBC
HS2_10_14_49.png,RBC
HS2_10_14_50.png,RBC
HS2_10_14_51.png,RBC
HS2_10_14_52.png,RBC
HS2_10_14_53.png,RBC
HS2_10_14_54.png,RBC
HS2_10_14_56.png,RBC
HS2_10_14_57.png,RBC
HS2_10_14_58.png,RBC
HS2_10_14_59.png,RBC
HS2_10_14_60.png,RBC
HS2_10_14_62.png,RBC
HS2_10_14_63.png,RBC
HS2_10_14_64.png,RBC
HS2_10_14_65.png,RBC
HS2_10_14_66.png,RBC
HS2_10_14_67.png,RBC
HS2_10_14_68.png,RBC
HS2_10_14_69.png,RBC
HS2_10_14_70.png,RBC
HS2_10_14_71.png,RBC
HS2_10_14_72.png,RBC
HS2_10_14_73.png,RBC
HS2_10_14_74.png,RBC
HS2_10_14_75.png,RBC
HS2_10_14_76.png,RBC
HS2_10_14_77.png,RBC
HS2_10_14_78.png,RBC
HS2_10_14_79.png,RBC
HS2_10_14_80.png,RBC
HS2_10_14_81.png,RBC
HS2_10_14_82.png,RBC
HS2_10_14_83.png,RBC
HS2_10_14_84.png,RBC
HS2_10_14_85.png,RBC
HS2_10_14_86.png,RBC
HS2_10_14_87.png,RBC
HS2_10_14_88.png,RBC
HS2_10_14_89.png,RBC
HS2_10_14_90.png,RBC
HS2_10_14_91.png,RBC
HS2_10_14_92.png,RBC
HS2_10_14_93.png,RBC
HS2_10_14_94.png,RBC
HS2_10_14_95.png,RBC
HS2_10_14_96.png,RBC
HS2_10_14_98.png,RBC
HS2_10_14_99.png,RBC
HS2_10_14_101.png,RBC
HS2_10_14_102.png,RBC
HS2_10_14_103.png,RBC
HS2_10_14_104.png,RBC
HS2_10_14_105.png,RBC
HS2_10_14_106.png,RBC
HS2_10_14_107.png,RBC
HS2_10_14_108.png,RBC
HS2_10_14_109.png,RBC
HS2_10_14_110.png,RBC
HS2_10_14_111.png,RBC
HS2_10_14_112.png,RBC
HS2_10_14_113.png,RBC
HS2_10_14_114.png,RBC
HS2_10_14_115.png,RBC
HS2_10_14_116.png,RBC
HS2_10_14_125.png,RBC
HS2_10_14_131.png,RBC
HS2_10_14_132.png,RBC
HS2_10_14_133.png,WBC
HS2_10_14_144.png,RBC
HS2_10_14_148.png,RBC
HS2_10_5_0.png,RBC
HS2_10_5_1.png,RBC
HS2_10_5_2.png,RBC
HS2_10_5_3.png,RBC
HS2_10_5_4.png,RBC
HS2_10_5_5.png,RBC
HS2_10_5_6.png,RBC
HS2_10_5_7.png,RBC
HS2_10_5_8.png,RBC
HS2_10_5_9.png,RBC
HS2_10_5_10.png,RBC
HS2_10_5_11.png,RBC
HS2_10_5_12.png,RBC
HS2_10_5_13.png,RBC
HS2_10_5_14.png,RBC
HS2_10_5_15.png,RBC
HS2_10_5_16.png,RBC
HS2_10_5_17.png,RBC
HS2_10_5_18.png,RBC
HS2_10_5_19.png,RBC
HS2_10_5_20.png,RBC
HS2_10_5_21.png,RBC
HS2_10_5_22.png,RBC
HS2_10_5_23.png,RBC
HS2_10_5_24.png,RBC
HS2_10_5_25.png,RBC
HS2_10_5_26.png,RBC
HS2_10_5_27.png,RBC
HS2_10_5_28.png,RBC
HS2_10_5_29.png,RBC
HS2_10_5_30.png,RBC
HS2_10_5_31.png,RBC
HS2_10_5_32.png,RBC
HS2_10_5_33.png,RBC
HS2_10_5_34.png,RBC
HS2_10_5_35.png,RBC
HS2_10_5_36.png,RBC
HS2_10_5_37.png,RBC
HS2_10_5_38.png,RBC
HS2_10_5_39.png,RBC
HS2_10_5_40.png,RBC
HS2_10_5_41.png,RBC
HS2_10_5_42.png,RBC
HS2_10_5_43.png,RBC
HS2_10_5_44.png,RBC
HS2_10_5_45.png,RBC
HS2_10_5_46.png,RBC
HS2_10_5_47.png,RBC
HS2_10_5_48.png,RBC
HS2_10_5_49.png,RBC
HS2_10_5_50.png,RBC
HS2_10_5_51.png,RBC
HS2_10_5_52.png,RBC
HS2_10_5_53.png,RBC
HS2_10_5_54.png,RBC
HS2_10_5_55.png,RBC
HS2_10_5_56.png,RBC
HS2_10_5_57.png,RBC
HS2_10_5_58.png,RBC
HS2_10_5_59.png,RBC
HS2_10_5_60.png,RBC
HS2_10_5_61.png,RBC
HS2_10_5_62.png,RBC
HS2_10_5_63.png,RBC
HS2_10_5_64.png,RBC
HS2_10_5_65.png,RBC
HS2_10_5_66.png,RBC
HS2_10_5_67.png,RBC
HS2_10_5_68.png,RBC
HS2_10_5_69.png,RBC
HS2_10_5_70.png,RBC
HS2_10_5_71.png,RBC
HS2_10_5_72.png,RBC
HS2_10_5_73.png,RBC
HS2_10_5_74.png,RBC
HS2_10_5_75.png,RBC
HS2_10_5_77.png,RBC
HS2_10_5_78.png,RBC
HS2_10_5_79.png,RBC
HS2_10_5_80.png,RBC
HS2_10_5_81.png,RBC
HS2_10_5_82.png,RBC
HS2_10_5_83.png,RBC
HS2_10_5_84.png,RBC
HS2_10_5_86.png,RBC
HS2_10_5_87.png,RBC
HS2_10_5_88.png,RBC
HS2_10_5_89.png,RBC
HS2_10_5_90.png,RBC
HS2_10_5_91.png,RBC
HS2_10_5_92.png,RBC
HS2_10_5_93.png,RBC
HS2_10_5_94.png,RBC
HS2_10_5_95.png,RBC
HS2_10_5_96.png,RBC
HS2_10_5_97.png,RBC
HS2_10_5_98.png,RBC
HS2_10_5_100.png,RBC
HS2_10_5_101.png,WBC
HS2_10_5_106.png,RBC
HS2_10_5_109.png,RBC
HS2_10_5_110.png,RBC
HS2_10_5_111.png,RBC
HS2_10_5_112.png,RBC
HS2_10_5_114.png,RBC
HS2_10_5_118.png,RBC
HS2_10_5_123.png,RBC
HS2_10_5_133.png,RBC
HS2_10_5_138.png,RBC
HS2_10_5_141.png,RBC
HS2_10_7_0.png,RBC
HS2_10_7_1.png,RBC
HS2_10_7_2.png,RBC
HS2_10_7_3.png,RBC
HS2_10_7_4.png,RBC
HS2_10_7_5.png,RBC
HS2_10_7_6.png,RBC
HS2_10_7_7.png,RBC
HS2_10_7_8.png,RBC
HS2_10_7_9.png,RBC
HS2_10_7_10.png,RBC
HS2_10_7_11.png,RBC
HS2_10_7_12.png,RBC
HS2_10_7_13.png,RBC
HS2_10_7_14.png,RBC
HS2_10_7_15.png,RBC
HS2_10_7_16.png,RBC
HS2_10_7_17.png,RBC
HS2_10_7_18.png,RBC
HS2_10_7_19.png,RBC
HS2_10_7_20.png,RBC
HS2_10_7_21.png,RBC
HS2_10_7_22.png,RBC
HS2_10_7_23.png,RBC
HS2_10_7_24.png,RBC
HS2_10_7_25.png,RBC
HS2_10_7_26.png,RBC
HS2_10_7_27.png,RBC
HS2_10_7_28.png,RBC
HS2_10_7_29.png,RBC
HS2_10_7_30.png,RBC
HS2_10_7_31.png,RBC
HS2_10_7_32.png,RBC
HS2_10_7_33.png,RBC
HS2_10_7_34.png,RBC
HS2_10_7_35.png,RBC
HS2_10_7_36.png,RBC
HS2_10_7_37.png,RBC
HS2_10_7_38.png,RBC
HS2_10_7_39.png,RBC
HS2_10_7_40.png,RBC
HS2_10_7_41.png,RBC
HS2_10_7_42.png,RBC
HS2_10_7_43.png,RBC
HS2_10_7_44.png,RBC
HS2_10_7_45.png,RBC
HS2_10_7_46.png,RBC
HS2_10_7_47.png,RBC
HS2_10_7_48.png,RBC
HS2_10_7_49.png,RBC
HS2_10_7_50.png,RBC
HS2_10_7_51.png,RBC
HS2_10_7_52.png,RBC
HS2_10_7_53.png,RBC
HS2_10_7_54.png,RBC
HS2_10_7_55.png,RBC
HS2_10_7_56.png,RBC
HS2_10_7_57.png,RBC
HS2_10_7_58.png,RBC
HS2_10_7_59.png,RBC
HS2_10_7_60.png,RBC
HS2_10_7_61.png,RBC
HS2_10_7_62.png,RBC
HS2_10_7_63.png,RBC
HS2_10_7_64.png,RBC
HS2_10_7_65.png,RBC
HS2_10_7_66.png,RBC
HS2_10_7_67.png,RBC
HS2_10_7_68.png,RBC
HS2_10_7_69.png,RBC
HS2_10_7_70.png,RBC
HS2_10_7_71.png,RBC
HS2_10_7_72.png,RBC
HS2_10_7_73.png,RBC
HS2_10_7_74.png,RBC
HS2_10_7_75.png,RBC
HS2_10_7_76.png,RBC
HS2_10_7_77.png,RBC
HS2_10_7_78.png,RBC
HS2_10_7_79.png,RBC
HS2_10_7_80.png,RBC
HS2_10_7_81.png,RBC
HS2_10_7_82.png,RBC
HS2_10_7_83.png,RBC
HS2_10_7_84.png,RBC
HS2_10_7_85.png,RBC
HS2_10_7_86.png,RBC
HS2_10_7_87.png,RBC
HS2_10_7_88.png,RBC
HS2_10_7_89.png,RBC
HS2_10_7_90.png,RBC
HS2_10_7_91.png,RBC
HS2_10_7_92.png,RBC
HS2_10_7_93.png,RBC
HS2_10_7_94.png,RBC
HS2_10_7_95.png,RBC
HS2_10_7_96.png,RBC
HS2_10_7_97.png,RBC
HS2_10_7_98.png,RBC
HS2_10_7_99.png,RBC
HS2_10_7_100.png,RBC
HS2_10_7_101.png,RBC
HS2_10_7_102.png,RBC
HS2_10_7_103.png,RBC
HS2_10_7_104.png,RBC
HS2_10_7_105.png,RBC
HS2_10_7_106.png,RBC
HS2_10_7_107.png,RBC
HS2_10_7_108.png,RBC
HS2_10_7_109.png,RBC
HS2_10_7_110.png,RBC
HS2_10_7_111.png,RBC
HS2_10_7_112.png,RBC
HS2_10_7_114.png,RBC
HS2_10_7_115.png,RBC
HS2_10_7_116.png,RBC
HS2_10_7_118.png,RBC
HS2_10_7_119.png,RBC
HS2_10_7_120.png,RBC
HS2_10_7_121.png,RBC
HS2_10_7_122.png,RBC
HS2_10_7_124.png,RBC
HS2_10_7_125.png,RBC
HS2_10_7_127.png,RBC
HS2_10_7_131.png,RBC
HS2_10_7_139.png,WBC
HS2_10_7_142.png,RBC
HS2_10_7_151.png,RBC
HS2_10_7_164.png,RBC
HS2_11_1_0.png,RBC
HS2_11_1_1.png,RBC
HS2_11_1_2.png,RBC
HS2_11_1_3.png,RBC
HS2_11_1_4.png,RBC
HS2_11_1_5.png,RBC
HS2_11_1_6.png,RBC
HS2_11_1_7.png,RBC
HS2_11_1_8.png,RBC
HS2_11_1_9.png,RBC
HS2_11_1_10.png,RBC
HS2_11_1_11.png,RBC
HS2_11_1_12.png,RBC
HS2_11_1_13.png,RBC
HS2_11_1_14.png,RBC
HS2_11_1_15.png,RBC
HS2_11_1_16.png,RBC
HS2_11_1_17.png,RBC
HS2_11_1_18.png,RBC
HS2_11_1_19.png,RBC
HS2_11_1_20.png,RBC
HS2_11_1_21.png,RBC
HS2_11_1_22.png,RBC
HS2_11_1_23.png,RBC
HS2_11_1_24.png,RBC
HS2_11_1_25.png,RBC
HS2_11_1_26.png,RBC
HS2_11_1_27.png,RBC
HS2_11_1_28.png,RBC
HS2_11_1_29.png,RBC
HS2_11_1_30.png,RBC
HS2_11_1_31.png,RBC
HS2_11_1_32.png,RBC
HS2_11_1_33.png,RBC
HS2_11_1_34.png,RBC
HS2_11_1_35.png,RBC
HS2_11_1_36.png,RBC
HS2_11_1_37.png,RBC
HS2_11_1_38.png,RBC
HS2_11_1_39.png,RBC
HS2_11_1_40.png,RBC
HS2_11_1_41.png,RBC
HS2_11_1_42.png,RBC
HS2_11_1_43.png,RBC
HS2_11_1_44.png,RBC
HS2_11_1_45.png,RBC
HS2_11_1_46.png,RBC
HS2_11_1_47.png,RBC
HS2_11_1_48.png,RBC
HS2_11_1_49.png,RBC
HS2_11_1_50.png,RBC
HS2_11_1_51.png,RBC
HS2_11_1_52.png,WBC
HS2_11_1_53.png,RBC
HS2_11_1_54.png,RBC
HS2_11_1_55.png,RBC
HS2_11_1_56.png,RBC
HS2_11_1_57.png,RBC
HS2_11_1_58.png,RBC
HS2_11_1_59.png,RBC
HS2_11_1_60.png,RBC
HS2_11_1_61.png,RBC
HS2_11_1_62.png,RBC
HS2_11_1_63.png,RBC
HS2_11_1_64.png,RBC
HS2_11_1_65.png,RBC
HS2_11_1_66.png,RBC
HS2_11_1_67.png,RBC
HS2_11_1_68.png,RBC
HS2_11_1_69.png,RBC
HS2_11_1_70.png,RBC
HS2_11_1_71.png,RBC
HS2_11_1_72.png,RBC
HS2_11_1_73.png,RBC
HS2_11_1_74.png,RBC
HS2_11_1_75.png,RBC
HS2_11_1_76.png,RBC
HS2_11_1_77.png,RBC
HS2_11_1_78.png,RBC
HS2_11_1_79.png,RBC
HS2_11_1_80.png,RBC
HS2_11_1_81.png,RBC
HS2_11_1_82.png,RBC
HS2_11_1_83.png,RBC
HS2_11_1_84.png,RBC
HS2_11_1_85.png,RBC
HS2_11_1_86.png,RBC
HS2_11_1_87.png,RBC
HS2_11_1_88.png,RBC
HS2_11_1_89.png,RBC
HS2_11_1_90.png,RBC
HS2_11_1_91.png,RBC
HS2_11_1_92.png,RBC
HS2_11_1_93.png,RBC
HS2_11_1_94.png,RBC
HS2_11_1_95.png,RBC
HS2_11_1_96.png,RBC
HS2_11_1_97.png,RBC
HS2_11_1_98.png,RBC
HS2_11_1_99.png,RBC
HS2_11_1_100.png,RBC
HS2_11_1_101.png,RBC
HS2_11_1_102.png,RBC
HS2_11_1_103.png,RBC
HS2_11_1_104.png,RBC
HS2_11_1_105.png,RBC
HS2_11_1_106.png,RBC
HS2_11_1_107.png,RBC
HS2_11_1_108.png,RBC
HS2_11_1_109.png,RBC
HS2_11_1_110.png,RBC
HS2_11_1_111.png,RBC
HS2_11_1_112.png,RBC
HS2_11_1_113.png,RBC
HS2_11_1_114.png,RBC
HS2_11_1_115.png,RBC
HS2_11_1_117.png,RBC
HS2_11_1_118.png,RBC
HS2_11_1_119.png,RBC
HS2_11_1_122.png,RBC
HS2_11_1_123.png,RBC
HS2_11_1_133.png,RBC
HS2_11_1_138.png,RBC
HS2_11_1_139.png,RBC
HS2_11_1_146.png,RBC
HS2_11_1_156.png,RBC
HS2_11_5_0.png,RBC
HS2_11_5_1.png,RBC
HS2_11_5_2.png,RBC
HS2_11_5_3.png,RBC
HS2_11_5_4.png,RBC
HS2_11_5_5.png,RBC
HS2_11_5_6.png,RBC
HS2_11_5_7.png,RBC
HS2_11_5_8.png,RBC
HS2_11_5_9.png,RBC
HS2_11_5_10.png,RBC
HS2_11_5_11.png,RBC
HS2_11_5_12.png,RBC
HS2_11_5_13.png,RBC
HS2_11_5_14.png,RBC
HS2_11_5_15.png,RBC
HS2_11_5_16.png,RBC
HS2_11_5_17.png,RBC
HS2_11_5_18.png,RBC
HS2_11_5_19.png,RBC
HS2_11_5_20.png,RBC
HS2_11_5_21.png,RBC
HS2_11_5_22.png,RBC
HS2_11_5_23.png,RBC
HS2_11_5_24.png,RBC
HS2_11_5_25.png,RBC
HS2_11_5_26.png,RBC
HS2_11_5_27.png,RBC
HS2_11_5_28.png,RBC
HS2_11_5_29.png,RBC
HS2_11_5_30.png,RBC
HS2_11_5_31.png,RBC
HS2_11_5_32.png,RBC
HS2_11_5_33.png,RBC
HS2_11_5_34.png,RBC
HS2_11_5_35.png,RBC
HS2_11_5_36.png,RBC
HS2_11_5_37.png,RBC
HS2_11_5_38.png,RBC
HS2_11_5_39.png,RBC
HS2_11_5_40.png,RBC
HS2_11_5_41.png,RBC
HS2_11_5_42.png,RBC
HS2_11_5_43.png,RBC
HS2_11_5_45.png,RBC
HS2_11_5_46.png,RBC
HS2_11_5_47.png,RBC
HS2_11_5_48.png,RBC
HS2_11_5_49.png,RBC
HS2_11_5_50.png,RBC
HS2_11_5_51.png,RBC
HS2_11_5_52.png,RBC
HS2_11_5_53.png,RBC
HS2_11_5_54.png,RBC
HS2_11_5_55.png,RBC
HS2_11_5_56.png,RBC
HS2_11_5_57.png,RBC
HS2_11_5_58.png,RBC
HS2_11_5_59.png,RBC
HS2_11_5_60.png,RBC
HS2_11_5_61.png,RBC
HS2_11_5_62.png,RBC
HS2_11_5_63.png,RBC
HS2_11_5_64.png,RBC
HS2_11_5_65.png,RBC
HS2_11_5_66.png,RBC
HS2_11_5_67.png,RBC
HS2_11_5_68.png,RBC
HS2_11_5_69.png,RBC
HS2_11_5_70.png,RBC
HS2_11_5_71.png,RBC
HS2_11_5_72.png,RBC
HS2_11_5_73.png,RBC
HS2_11_5_74.png,RBC
HS2_11_5_75.png,RBC
HS2_11_5_76.png,RBC
HS2_11_5_78.png,RBC
HS2_11_5_79.png,RBC
HS2_11_5_80.png,RBC
HS2_11_5_81.png,RBC
HS2_11_5_82.png,RBC
HS2_11_5_83.png,RBC
HS2_11_5_84.png,RBC
HS2_11_5_85.png,RBC
HS2_11_5_86.png,RBC
HS2_11_5_87.png,RBC
HS2_11_5_88.png,RBC
HS2_11_5_89.png,RBC
HS2_11_5_90.png,RBC
HS2_11_5_91.png,RBC
HS2_11_5_92.png,RBC
HS2_11_5_93.png,RBC
HS2_11_5_94.png,RBC
HS2_11_5_96.png,RBC
HS2_11_5_97.png,RBC
HS2_11_5_98.png,WBC
HS2_11_5_99.png,RBC
HS2_11_5_100.png,RBC
HS2_11_5_102.png,RBC
HS2_11_5_104.png,RBC
HS2_11_5_105.png,RBC
HS2_11_5_111.png,RBC
HS2_11_5_124.png,RBC
HS2_11_7_0.png,RBC
HS2_11_7_1.png,RBC
HS2_11_7_2.png,RBC
HS2_11_7_3.png,RBC
HS2_11_7_4.png,RBC
HS2_11_7_5.png,RBC
HS2_11_7_6.png,RBC
HS2_11_7_7.png,RBC
HS2_11_7_8.png,RBC
HS2_11_7_9.png,RBC
HS2_11_7_10.png,RBC
HS2_11_7_11.png,RBC
HS2_11_7_12.png,RBC
HS2_11_7_13.png,RBC
HS2_11_7_14.png,RBC
HS2_11_7_15.png,RBC
HS2_11_7_16.png,RBC
HS2_11_7_17.png,RBC
HS2_11_7_18.png,RBC
HS2_11_7_19.png,RBC
HS2_11_7_20.png,RBC
HS2_11_7_21.png,RBC
HS2_11_7_22.png,RBC
HS2_11_7_23.png,RBC
HS2_11_7_24.png,RBC
HS2_11_7_25.png,RBC
HS2_11_7_26.png,RBC
HS2_11_7_27.png,RBC
HS2_11_7_28.png,RBC
HS2_11_7_29.png,RBC
HS2_11_7_30.png,RBC
HS2_11_7_31.png,RBC
HS2_11_7_32.png,RBC
HS2_11_7_33.png,RBC
HS2_11_7_34.png,RBC
HS2_11_7_35.png,RBC
HS2_11_7_36.png,RBC
HS2_11_7_37.png,RBC
HS2_11_7_38.png,RBC
HS2_11_7_39.png,RBC
HS2_11_7_40.png,RBC
HS2_11_7_41.png,RBC
HS2_11_7_42.png,RBC
HS2_11_7_43.png,RBC
HS2_11_7_44.png,RBC
HS2_11_7_45.png,RBC
HS2_11_7_46.png,RBC
HS2_11_7_47.png,RBC
HS2_11_7_48.png,RBC
HS2_11_7_49.png,RBC
HS2_11_7_50.png,RBC
HS2_11_7_51.png,RBC
HS2_11_7_52.png,RBC
HS2_11_7_53.png,RBC
HS2_11_7_54.png,RBC
HS2_11_7_55.png,RBC
HS2_11_7_56.png,RBC
HS2_11_7_57.png,RBC
HS2_11_7_58.png,RBC
HS2_11_7_59.png,RBC
HS2_11_7_60.png,RBC
HS2_11_7_61.png,RBC
HS2_11_7_62.png,RBC
HS2_11_7_63.png,RBC
HS2_11_7_64.png,RBC
HS2_11_7_65.png,RBC
HS2_11_7_66.png,RBC
HS2_11_7_67.png,RBC
HS2_11_7_68.png,RBC
HS2_11_7_69.png,RBC
HS2_11_7_70.png,RBC
HS2_11_7_71.png,RBC
HS2_11_7_72.png,RBC
HS2_11_7_73.png,RBC
HS2_11_7_74.png,RBC
HS2_11_7_76.png,RBC
HS2_11_7_77.png,RBC
HS2_11_7_78.png,RBC
HS2_11_7_79.png,RBC
HS2_11_7_80.png,RBC
HS2_11_7_81.png,RBC
HS2_11_7_82.png,RBC
HS2_11_7_83.png,RBC
HS2_11_7_84.png,RBC
HS2_11_7_85.png,RBC
HS2_11_7_86.png,RBC
HS2_11_7_87.png,RBC
HS2_11_7_88.png,RBC
HS2_11_7_89.png,RBC
HS2_11_7_90.png,RBC
HS2_11_7_91.png,RBC
HS2_11_7_92.png,RBC
HS2_11_7_93.png,RBC
HS2_11_7_94.png,RBC
HS2_11_7_95.png,RBC
HS2_11_7_96.png,RBC
HS2_11_7_97.png,RBC
HS2_11_7_98.png,RBC
HS2_11_7_99.png,RBC
HS2_11_7_100.png,RBC
HS2_11_7_101.png,RBC
HS2_11_7_102.png,RBC
HS2_11_7_103.png,RBC
HS2_11_7_104.png,RBC
HS2_11_7_105.png,RBC
HS2_11_7_106.png,RBC
HS2_11_7_107.png,RBC
HS2_11_7_109.png,RBC
HS2_11_7_110.png,RBC
HS2_11_7_111.png,RBC
HS2_11_7_112.png,RBC
HS2_11_7_113.png,RBC
HS2_11_7_114.png,RBC
HS2_11_7_115.png,RBC
HS2_11_7_116.png,RBC
HS2_11_7_117.png,RBC
HS2_11_7_119.png,RBC
HS2_11_7_120.png,RBC
HS2_11_7_121.png,RBC
HS2_11_7_122.png,RBC
HS2_11_7_124.png,RBC
HS2_11_7_127.png,RBC
HS2_11_7_128.png,RBC
HS2_11_7_131.png,RBC
HS2_11_7_138.png,RBC
HS2_11_7_140.png,WBC
HS2_11_7_161.png,RBC
HS2_11_7_166.png,RBC
HS2_2_14_0.png,RBC
HS2_2_14_1.png,RBC
HS2_2_14_2.png,RBC
HS2_2_14_3.png,RBC
HS2_2_14_4.png,RBC
HS2_2_14_5.png,RBC
HS2_2_14_6.png,RBC
HS2_2_14_7.png,RBC
HS2_2_14_8.png,RBC
HS2_2_14_9.png,RBC
HS2_2_14_10.png,RBC
HS2_2_14_11.png,RBC
HS2_2_14_12.png,RBC
HS2_2_14_13.png,RBC
HS2_2_14_14.png,RBC
HS2_2_14_15.png,RBC
HS2_2_14_16.png,RBC
HS2_2_14_17.png,RBC
HS2_2_14_18.png,RBC
HS2_2_14_19.png,RBC
HS2_2_14_21.png,RBC
HS2_2_14_22.png,RBC
HS2_2_14_23.png,RBC
HS2_2_14_24.png,RBC
HS2_2_14_25.png,RBC
HS2_2_14_26.png,RBC
HS2_2_14_27.png,RBC
HS2_2_14_28.png,RBC
HS2_2_14_29.png,RBC
HS2_2_14_30.png,RBC
HS2_2_14_31.png,RBC
HS2_2_14_32.png,RBC
HS2_2_14_33.png,RBC
HS2_2_14_34.png,RBC
HS2_2_14_35.png,RBC
HS2_2_14_37.png,RBC
HS2_2_14_38.png,RBC
HS2_2_14_39.png,RBC
HS2_2_14_40.png,RBC
HS2_2_14_41.png,RBC
HS2_2_14_42.png,RBC
HS2_2_14_43.png,RBC
HS2_2_14_44.png,RBC
HS2_2_14_45.png,RBC
HS2_2_14_47.png,RBC
HS2_2_14_48.png,RBC
HS2_2_14_49.png,RBC
HS2_2_14_50.png,RBC
HS2_2_14_51.png,RBC
HS2_2_14_52.png,RBC
HS2_2_14_53.png,RBC
HS2_2_14_54.png,RBC
HS2_2_14_55.png,RBC
HS2_2_14_56.png,RBC
HS2_2_14_57.png,RBC
HS2_2_14_58.png,RBC
HS2_2_14_59.png,RBC
HS2_2_14_60.png,RBC
HS2_2_14_61.png,RBC
HS2_2_14_62.png,RBC
HS2_2_14_63.png,RBC
HS2_2_14_64.png,RBC
HS2_2_14_65.png,RBC
HS2_2_14_66.png,RBC
HS2_2_14_67.png,RBC
HS2_2_14_68.png,RBC
HS2_2_14_69.png,RBC
HS2_2_14_70.png,RBC
HS2_2_14_71.png,RBC
HS2_2_14_72.png,RBC
HS2_2_14_73.png,RBC
HS2_2_14_74.png,RBC
HS2_2_14_75.png,RBC
HS2_2_14_76.png,RBC
HS2_2_14_77.png,RBC
HS2_2_14_78.png,RBC
HS2_2_14_79.png,RBC
HS2_2_14_80.png,RBC
HS2_2_14_81.png,RBC
HS2_2_14_82.png,RBC
HS2_2_14_83.png,RBC
HS2_2_14_84.png,RBC
HS2_2_14_85.png,RBC
HS2_2_14_86.png,RBC
HS2_2_14_87.png,RBC
HS2_2_14_88.png,RBC
HS2_2_14_89.png,RBC
HS2_2_14_90.png,RBC
HS2_2_14_91.png,RBC
HS2_2_14_92.png,RBC
HS2_2_14_93.png,RBC
HS2_2_14_94.png,RBC
HS2_2_14_95.png,RBC
HS2_2_14_96.png,RBC
HS2_2_14_97.png,RBC
HS2_2_14_98.png,RBC
HS2_2_14_99.png,RBC
HS2_2_14_100.png,RBC
HS2_2_14_101.png,RBC
HS2_2_14_103.png,RBC
HS2_2_14_104.png,RBC
HS2_2_14_106.png,RBC
HS2_2_14_107.png,RBC
HS2_2_14_108.png,RBC
HS2_2_14_109.png,RBC
HS2_2_14_111.png,RBC
HS2_2_14_112.png,RBC
HS2_2_14_114.png,RBC
HS2_2_14_115.png,RBC
HS2_2_14_116.png,RBC
HS2_2_14_117.png,RBC
HS2_2_14_122.png,RBC
HS2_2_14_127.png,WBC
HS2_2_14_129.png,RBC
HS2_2_14_133.png,RBC
HS2_2_14_134.png,RBC
HS2_2_14_141.png,RBC
HS2_2_14_144.png,RBC
HS2_2_14_145.png,RBC
HS2_2_14_150.png,RBC
HS2_2_14_157.png,RBC
HS2_3_15_0.png,RBC
HS2_3_15_1.png,RBC
HS2_3_15_2.png,RBC
HS2_3_15_3.png,RBC
HS2_3_15_4.png,RBC
HS2_3_15_5.png,RBC
HS2_3_15_6.png,RBC
HS2_3_15_7.png,RBC
HS2_3_15_8.png,RBC
HS2_3_15_9.png,RBC
HS2_3_15_10.png,RBC
HS2_3_15_11.png,RBC
HS2_3_15_12.png,RBC
HS2_3_15_13.png,RBC
HS2_3_15_14.png,RBC
HS2_3_15_15.png,RBC
HS2_3_15_16.png,RBC
HS2_3_15_18.png,RBC
HS2_3_15_19.png,RBC
HS2_3_15_20.png,RBC
HS2_3_15_21.png,RBC
HS2_3_15_22.png,RBC
HS2_3_15_23.png,RBC
HS2_3_15_24.png,RBC
HS2_3_15_25.png,RBC
HS2_3_15_26.png,RBC
HS2_3_15_27.png,RBC
HS2_3_15_28.png,RBC
HS2_3_15_29.png,RBC
HS2_3_15_30.png,RBC
HS2_3_15_31.png,RBC
HS2_3_15_32.png,RBC
HS2_3_15_33.png,RBC
HS2_3_15_34.png,RBC
HS2_3_15_35.png,RBC
HS2_3_15_36.png,RBC
HS2_3_15_37.png,RBC
HS2_3_15_38.png,RBC
HS2_3_15_39.png,RBC
HS2_3_15_41.png,RBC
HS2_3_15_42.png,RBC
HS2_3_15_43.png,RBC
HS2_3_15_44.png,RBC
HS2_3_15_45.png,RBC
HS2_3_15_46.png,RBC
HS2_3_15_47.png,RBC
HS2_3_15_48.png,RBC
HS2_3_15_49.png,RBC
HS2_3_15_50.png,RBC
HS2_3_15_51.png,RBC
HS2_3_15_52.png,RBC
HS2_3_15_53.png,RBC
HS2_3_15_54.png,RBC
HS2_3_15_55.png,RBC
HS2_3_15_56.png,RBC
HS2_3_15_57.png,RBC
HS2_3_15_58.png,RBC
HS2_3_15_59.png,RBC
HS2_3_15_60.png,RBC
HS2_3_15_61.png,RBC
HS2_3_15_62.png,RBC
HS2_3_15_63.png,RBC
HS2_3_15_64.png,RBC
HS2_3_15_65.png,RBC
HS2_3_15_66.png,RBC
HS2_3_15_67.png,RBC
HS2_3_15_68.png,RBC
HS2_3_15_69.png,RBC
HS2_3_15_70.png,RBC
HS2_3_15_71.png,RBC
HS2_3_15_72.png,RBC
HS2_3_15_73.png,RBC
HS2_3_15_74.png,RBC
HS2_3_15_75.png,RBC
HS2_3_15_76.png,RBC
HS2_3_15_77.png,RBC
HS2_3_15_78.png,RBC
HS2_3_15_79.png,RBC
HS2_3_15_80.png,RBC
HS2_3_15_81.png,RBC
HS2_3_15_82.png,RBC
HS2_3_15_83.png,RBC
HS2_3_15_84.png,RBC
HS2_3_15_85.png,RBC
HS2_3_15_86.png,RBC
HS2_3_15_87.png,RBC
HS2_3_15_88.png,RBC
HS2_3_15_89.png,RBC
HS2_3_15_90.png,RBC
HS2_3_15_91.png,RBC
HS2_3_15_92.png,RBC
HS2_3_15_93.png,RBC
HS2_3_15_95.png,RBC
HS2_3_15_96.png,RBC
HS2_3_15_97.png,RBC
HS2_3_15_98.png,RBC
HS2_3_15_99.png,RBC
HS2_3_15_100.png,RBC
HS2_3_15_101.png,RBC
HS2_3_15_102.png,RBC
HS2_3_15_103.png,RBC
HS2_3_15_104.png,RBC
HS2_3_15_105.png,RBC
HS2_3_15_106.png,RBC
HS2_3_15_107.png,RBC
HS2_3_15_108.png,RBC
HS2_3_15_109.png,RBC
HS2_3_15_110.png,RBC
HS2_3_15_111.png,RBC
HS2_3_15_112.png,RBC
HS2_3_15_114.png,RBC
HS2_3_15_115.png,RBC
HS2_3_15_116.png,RBC
HS2_3_15_117.png,RBC
HS2_3_15_118.png,RBC
HS2_3_15_120.png,RBC
HS2_3_15_121.png,RBC
HS2_3_15_122.png,RBC
HS2_3_15_123.png,RBC
HS2_3_15_124.png,RBC
HS2_3_15_128.png,RBC
HS2_3_15_133.png,RBC
HS2_3_15_134.png,RBC
HS2_3_15_141.png,RBC
HS2_3_15_147.png,RBC
HS2_3_15_148.png,WBC
HS2_3_15_150.png,RBC
HS2_3_15_160.png,RBC
HS2_3_15_167.png,RBC
HS2_3_6_0.png,RBC
HS2_3_6_1.png,RBC
HS2_3_6_2.png,RBC
HS2_3_6_3.png,RBC
HS2_3_6_4.png,RBC
HS2_3_6_5.png,RBC
HS2_3_6_6.png,RBC
HS2_3_6_7.png,RBC
HS2_3_6_8.png,RBC
HS2_3_6_9.png,RBC
HS2_3_6_10.png,RBC
HS2_3_6_11.png,RBC
HS2_3_6_12.png,RBC
HS2_3_6_13.png,RBC
HS2_3_6_14.png,RBC
HS2_3_6_15.png,RBC
HS2_3_6_16.png,RBC
HS2_3_6_17.png,RBC
HS2_3_6_18.png,RBC
HS2_3_6_19.png,RBC
HS2_3_6_20.png,RBC
HS2_3_6_21.png,RBC
HS2_3_6_22.png,RBC
HS2_3_6_23.png,RBC
HS2_3_6_24.png,RBC
HS2_3_6_25.png,RBC
HS2_3_6_26.png,RBC
HS2_3_6_27.png,RBC
HS2_3_6_28.png,RBC
HS2_3_6_29.png,RBC
HS2_3_6_30.png,RBC
HS2_3_6_31.png,RBC
HS2_3_6_32.png,RBC
HS2_3_6_33.png,RBC
HS2_3_6_34.png,RBC
HS2_3_6_35.png,RBC
HS2_3_6_36.png,RBC
HS2_3_6_37.png,RBC
HS2_3_6_38.png,RBC
HS2_3_6_39.png,RBC
HS2_3_6_40.png,RBC
HS2_3_6_41.png,RBC
HS2_3_6_42.png,RBC
HS2_3_6_43.png,RBC
HS2_3_6_44.png,RBC
HS2_3_6_45.png,RBC
HS2_3_6_46.png,RBC
HS2_3_6_47.png,RBC
HS2_3_6_48.png,RBC
HS2_3_6_49.png,RBC
HS2_3_6_50.png,RBC
HS2_3_6_51.png,RBC
HS2_3_6_52.png,RBC
HS2_3_6_53.png,RBC
HS2_3_6_54.png,RBC
HS2_3_6_55.png,RBC
HS2_3_6_56.png,RBC
HS2_3_6_57.png,RBC
HS2_3_6_58.png,RBC
HS2_3_6_59.png,RBC
HS2_3_6_60.png,RBC
HS2_3_6_61.png,RBC
HS2_3_6_62.png,RBC
HS2_3_6_63.png,RBC
HS2_3_6_64.png,RBC
HS2_3_6_65.png,RBC
HS2_3_6_66.png,RBC
HS2_3_6_67.png,RBC
HS2_3_6_68.png,RBC
HS2_3_6_69.png,RBC
HS2_3_6_70.png,RBC
HS2_3_6_71.png,RBC
HS2_3_6_72.png,RBC
HS2_3_6_73.png,RBC
HS2_3_6_74.png,RBC
HS2_3_6_75.png,RBC
HS2_3_6_76.png,RBC
HS2_3_6_77.png,RBC
HS2_3_6_78.png,RBC
HS2_3_6_79.png,RBC
HS2_3_6_80.png,RBC
HS2_3_6_81.png,RBC
HS2_3_6_82.png,RBC
HS2_3_6_83.png,RBC
HS2_3_6_84.png,RBC
HS2_3_6_85.png,RBC
HS2_3_6_86.png,RBC
HS2_3_6_87.png,RBC
HS2_3_6_88.png,RBC
HS2_3_6_89.png,RBC
HS2_3_6_90.png,RBC
HS2_3_6_91.png,RBC
HS2_3_6_92.png,RBC
HS2_3_6_93.png,RBC
HS2_3_6_95.png,RBC
HS2_3_6_96.png,RBC
HS2_3_6_99.png,WBC
HS2_3_6_100.png,RBC
HS2_3_6_101.png,RBC
HS2_3_6_102.png,RBC
HS2_3_6_103.png,RBC
HS2_3_6_105.png,RBC
HS2_3_6_114.png,RBC
HS2_3_6_119.png,RBC
HS2_3_6_122.png,RBC
HS2_3_6_123.png,RBC
HS2_3_6_125.png,RBC
HS2_3_6_127.png,RBC
HS2_3_6_134.png,RBC
HS2_3_6_135.png,RBC
HS2_3_6_149.png,RBC
HS2_4_14_0.png,RBC
HS2_4_14_1.png,RBC
HS2_4_14_2.png,RBC
HS2_4_14_3.png,RBC
HS2_4_14_4.png,RBC
HS2_4_14_5.png,RBC
HS2_4_14_6.png,RBC
HS2_4_14_7.png,RBC
HS2_4_14_8.png,RBC
HS2_4_14_9.png,RBC
HS2_4_14_10.png,RBC
HS2_4_14_11.png,RBC
HS2_4_14_12.png,RBC
HS2_4_14_13.png,RBC
HS2_4_14_14.png,RBC
HS2_4_14_15.png,RBC
HS2_4_14_16.png,RBC
HS2_4_14_17.png,RBC
HS2_4_14_18.png,RBC
HS2_4_14_19.png,RBC
HS2_4_14_20.png,RBC
HS2_4_14_21.png,RBC
HS2_4_14_22.png,RBC
HS2_4_14_23.png,RBC
HS2_4_14_24.png,RBC
HS2_4_14_25.png,RBC
HS2_4_14_26.png,RBC
HS2_4_14_27.png,RBC
HS2_4_14_28.png,RBC
HS2_4_14_29.png,RBC
HS2_4_14_30.png,RBC
HS2_4_14_31.png,RBC
HS2_4_14_32.png,RBC
HS2_4_14_33.png,RBC
HS2_4_14_34.png,RBC
HS2_4_14_35.png,RBC
HS2_4_14_36.png,RBC
HS2_4_14_37.png,RBC
HS2_4_14_38.png,RBC
HS2_4_14_39.png,RBC
HS2_4_14_40.png,RBC
HS2_4_14_41.png,RBC
HS2_4_14_42.png,RBC
HS2_4_14_43.png,RBC
HS2_4_14_44.png,RBC
HS2_4_14_45.png,RBC
HS2_4_14_46.png,RBC
HS2_4_14_47.png,RBC
HS2_4_14_48.png,RBC
HS2_4_14_49.png,RBC
HS2_4_14_50.png,RBC
HS2_4_14_51.png,RBC
HS2_4_14_52.png,RBC
HS2_4_14_53.png,RBC
HS2_4_14_54.png,RBC
HS2_4_14_55.png,RBC
HS2_4_14_56.png,RBC
HS2_4_14_57.png,RBC
HS2_4_14_58.png,RBC
HS2_4_14_59.png,RBC
HS2_4_14_60.png,RBC
HS2_4_14_61.png,RBC
HS2_4_14_62.png,RBC
HS2_4_14_63.png,RBC
HS2_4_14_64.png,RBC
HS2_4_14_65.png,RBC
HS2_4_14_66.png,RBC
HS2_4_14_67.png,RBC
HS2_4_14_68.png,RBC
HS2_4_14_69.png,RBC
HS2_4_14_70.png,RBC
HS2_4_14_71.png,RBC
HS2_4_14_72.png,RBC
HS2_4_14_73.png,RBC
HS2_4_14_74.png,RBC
HS2_4_14_75.png,RBC
HS2_4_14_76.png,RBC
HS2_4_14_77.png,RBC
HS2_4_14_78.png,RBC
HS2_4_14_79.png,RBC
HS2_4_14_80.png,RBC
HS2_4_14_81.png,RBC
HS2_4_14_82.png,RBC
HS2_4_14_83.png,RBC
HS2_4_14_85.png,RBC
HS2_4_14_86.png,RBC
HS2_4_14_87.png,RBC
HS2_4_14_88.png,RBC
HS2_4_14_89.png,RBC
HS2_4_14_90.png,RBC
HS2_4_14_91.png,RBC
HS2_4_14_92.png,RBC
HS2_4_14_93.png,RBC
HS2_4_14_94.png,RBC
HS2_4_14_95.png,RBC
HS2_4_14_96.png,RBC
HS2_4_14_97.png,RBC
HS2_4_14_98.png,RBC
HS2_4_14_99.png,RBC
HS2_4_14_100.png,RBC
HS2_4_14_101.png,RBC
HS2_4_14_102.png,RBC
HS2_4_14_103.png,RBC
HS2_4_14_104.png,RBC
HS2_4_14_105.png,RBC
HS2_4_14_106.png,RBC
HS2_4_14_107.png,RBC
HS2_4_14_108.png,RBC
HS2_4_14_109.png,RBC
HS2_4_14_110.png,RBC
HS2_4_14_111.png,RBC
HS2_4_14_113.png,RBC
HS2_4_14_115.png,RBC
HS2_4_14_118.png,RBC
HS2_4_14_119.png,RBC
HS2_4_14_120.png,RBC
HS2_4_14_122.png,RBC
HS2_4_14_123.png,RBC
HS2_4_14_132.png,RBC
HS2_4_14_135.png,RBC
HS2_4_14_140.png,WBC
HS2_5_13_0.png,RBC
HS2_5_13_1.png,RBC
HS2_5_13_2.png,RBC
HS2_5_13_3.png,RBC
HS2_5_13_4.png,RBC
HS2_5_13_5.png,RBC
HS2_5_13_6.png,RBC
HS2_5_13_7.png,RBC
HS2_5_13_8.png,RBC
HS2_5_13_9.png,RBC
HS2_5_13_10.png,RBC
HS2_5_13_11.png,RBC
HS2_5_13_12.png,RBC
HS2_5_13_14.png,RBC
HS2_5_13_15.png,RBC
HS2_5_13_16.png,RBC
HS2_5_13_17.png,RBC
HS2_5_13_18.png,RBC
HS2_5_13_19.png,RBC
HS2_5_13_20.png,RBC
HS2_5_13_21.png,RBC
HS2_5_13_22.png,RBC
HS2_5_13_23.png,RBC
HS2_5_13_24.png,RBC
HS2_5_13_25.png,WBC
HS2_5_13_26.png,RBC
HS2_5_13_27.png,RBC
HS2_5_13_28.png,RBC
HS2_5_13_29.png,RBC
HS2_5_13_30.png,RBC
HS2_5_13_31.png,RBC
HS2_5_13_32.png,RBC
HS2_5_13_33.png,RBC
HS2_5_13_34.png,RBC
HS2_5_13_35.png,RBC
HS2_5_13_36.png,RBC
HS2_5_13_37.png,RBC
HS2_5_13_38.png,RBC
HS2_5_13_39.png,RBC
HS2_5_13_40.png,RBC
HS2_5_13_41.png,RBC
HS2_5_13_42.png,RBC
HS2_5_13_43.png,RBC
HS2_5_13_44.png,RBC
HS2_5_13_45.png,RBC
HS2_5_13_46.png,RBC
HS2_5_13_47.png,RBC
HS2_5_13_48.png,RBC
HS2_5_13_49.png,RBC
HS2_5_13_50.png,RBC
HS2_5_13_51.png,RBC
HS2_5_13_52.png,RBC
HS2_5_13_53.png,RBC
HS2_5_13_54.png,RBC
HS2_5_13_55.png,RBC
HS2_5_13_56.png,RBC
HS2_5_13_57.png,RBC
HS2_5_13_58.png,RBC
HS2_5_13_59.png,RBC
HS2_5_13_60.png,RBC
HS2_5_13_61.png,RBC
HS2_5_13_62.png,RBC
HS2_5_13_63.png,RBC
HS2_5_13_64.png,RBC
HS2_5_13_65.png,RBC
HS2_5_13_66.png,RBC
HS2_5_13_67.png,RBC
HS2_5_13_68.png,RBC
HS2_5_13_69.png,RBC
HS2_5_13_70.png,RBC
HS2_5_13_71.png,RBC
HS2_5_13_72.png,RBC
HS2_5_13_73.png,RBC
HS2_5_13_74.png,RBC
HS2_5_13_75.png,RBC
HS2_5_13_76.png,RBC
HS2_5_13_77.png,RBC
HS2_5_13_78.png,RBC
HS2_5_13_79.png,RBC
HS2_5_13_80.png,RBC
HS2_5_13_81.png,RBC
HS2_5_13_82.png,RBC
HS2_5_13_83.png,RBC
HS2_5_13_84.png,RBC
HS2_5_13_85.png,RBC
HS2_5_13_86.png,RBC
HS2_5_13_87.png,RBC
HS2_5_13_88.png,RBC
HS2_5_13_89.png,RBC
HS2_5_13_90.png,RBC
HS2_5_13_91.png,RBC
HS2_5_13_92.png,RBC
HS2_5_13_93.png,RBC
HS2_5_13_94.png,RBC
HS2_5_13_95.png,RBC
HS2_5_13_96.png,RBC
HS2_5_13_97.png,RBC
HS2_5_13_98.png,RBC
HS2_5_13_99.png,RBC
HS2_5_13_100.png,RBC
HS2_5_13_101.png,RBC
HS2_5_13_102.png,RBC
HS2_5_13_103.png,RBC
HS2_5_13_106.png,RBC
HS2_5_13_107.png,RBC
HS2_5_13_108.png,RBC
HS2_5_13_109.png,RBC
HS2_5_13_110.png,RBC
HS2_5_13_112.png,RBC
HS2_5_13_118.png,RBC
HS2_5_13_122.png,RBC
HS2_5_13_125.png,RBC
HS2_5_13_128.png,RBC
HS2_5_13_129.png,RBC
HS2_5_13_132.png,RBC
HS2_5_13_133.png,RBC
HS2_5_13_135.png,RBC
HS2_5_13_136.png,RBC
HS2_5_13_139.png,RBC
HS2_5_13_144.png,RBC
HS2_5_16_0.png,RBC
HS2_5_16_1.png,RBC
HS2_5_16_2.png,RBC
HS2_5_16_3.png,RBC
HS2_5_16_4.png,RBC
HS2_5_16_5.png,RBC
HS2_5_16_6.png,RBC
HS2_5_16_8.png,RBC
HS2_5_16_9.png,RBC
HS2_5_16_10.png,RBC
HS2_5_16_11.png,RBC
HS2_5_16_12.png,RBC
HS2_5_16_13.png,RBC
HS2_5_16_14.png,RBC
HS2_5_16_15.png,RBC
HS2_5_16_16.png,RBC
HS2_5_16_17.png,RBC
HS2_5_16_18.png,RBC
HS2_5_16_19.png,RBC
HS2_5_16_20.png,RBC
HS2_5_16_21.png,RBC
HS2_5_16_22.png,RBC
HS2_5_16_23.png,RBC
HS2_5_16_24.png,RBC
HS2_5_16_25.png,RBC
HS2_5_16_26.png,RBC
HS2_5_16_27.png,RBC
HS2_5_16_28.png,RBC
HS2_5_16_29.png,RBC
HS2_5_16_30.png,RBC
HS2_5_16_31.png,RBC
HS2_5_16_32.png,RBC
HS2_5_16_33.png,RBC
HS2_5_16_35.png,RBC
HS2_5_16_36.png,RBC
HS2_5_16_37.png,RBC
HS2_5_16_38.png,RBC
HS2_5_16_39.png,RBC
HS2_5_16_40.png,RBC
HS2_5_16_41.png,RBC
HS2_5_16_42.png,RBC
HS2_5_16_43.png,RBC
HS2_5_16_44.png,RBC
HS2_5_16_45.png,RBC
HS2_5_16_46.png,RBC
HS2_5_16_47.png,RBC
HS2_5_16_48.png,RBC
HS2_5_16_49.png,RBC
HS2_5_16_50.png,RBC
HS2_5_16_51.png,RBC
HS2_5_16_52.png,RBC
HS2_5_16_53.png,RBC
HS2_5_16_54.png,RBC
HS2_5_16_55.png,RBC
HS2_5_16_56.png,RBC
HS2_5_16_57.png,RBC
HS2_5_16_58.png,RBC
HS2_5_16_59.png,RBC
HS2_5_16_61.png,RBC
HS2_5_16_62.png,RBC
HS2_5_16_63.png,RBC
HS2_5_16_64.png,RBC
HS2_5_16_65.png,RBC
HS2_5_16_66.png,RBC
HS2_5_16_67.png,RBC
HS2_5_16_68.png,RBC
HS2_5_16_69.png,RBC
HS2_5_16_70.png,RBC
HS2_5_16_71.png,RBC
HS2_5_16_72.png,RBC
HS2_5_16_73.png,RBC
HS2_5_16_74.png,RBC
HS2_5_16_75.png,RBC
HS2_5_16_76.png,RBC
HS2_5_16_77.png,RBC
HS2_5_16_78.png,RBC
HS2_5_16_79.png,RBC
HS2_5_16_80.png,RBC
HS2_5_16_81.png,RBC
HS2_5_16_82.png,RBC
HS2_5_16_83.png,RBC
HS2_5_16_84.png,RBC
HS2_5_16_85.png,RBC
HS2_5_16_86.png,RBC
HS2_5_16_87.png,RBC
HS2_5_16_88.png,RBC
HS2_5_16_89.png,RBC
HS2_5_16_90.png,RBC
HS2_5_16_91.png,RBC
HS2_5_16_92.png,RBC
HS2_5_16_93.png,RBC
HS2_5_16_94.png,RBC
HS2_5_16_95.png,RBC
HS2_5_16_96.png,RBC
HS2_5_16_97.png,RBC
HS2_5_16_98.png,RBC
HS2_5_16_99.png,RBC
HS2_5_16_100.png,RBC
HS2_5_16_101.png,RBC
HS2_5_16_102.png,RBC
HS2_5_16_103.png,RBC
HS2_5_16_105.png,RBC
HS2_5_16_106.png,RBC
HS2_5_16_107.png,RBC
HS2_5_16_108.png,RBC
HS2_5_16_109.png,RBC
HS2_5_16_111.png,RBC
HS2_5_16_113.png,RBC
HS2_5_16_115.png,RBC
HS2_5_16_116.png,RBC
HS2_5_16_119.png,RBC
HS2_5_16_122.png,WBC
HS2_5_16_128.png,RBC
HS2_5_16_129.png,RBC
HS2_5_8_0.png,RBC
HS2_5_8_1.png,RBC
HS2_5_8_2.png,RBC
HS2_5_8_3.png,RBC
HS2_5_8_4.png,RBC
HS2_5_8_5.png,RBC
HS2_5_8_6.png,RBC
HS2_5_8_7.png,RBC
HS2_5_8_8.png,RBC
HS2_5_8_9.png,RBC
HS2_5_8_10.png,RBC
HS2_5_8_11.png,RBC
HS2_5_8_12.png,RBC
HS2_5_8_13.png,RBC
HS2_5_8_14.png,RBC
HS2_5_8_15.png,RBC
HS2_5_8_16.png,RBC
HS2_5_8_17.png,RBC
HS2_5_8_18.png,RBC
HS2_5_8_19.png,RBC
HS2_5_8_20.png,RBC
HS2_5_8_21.png,RBC
HS2_5_8_22.png,RBC
HS2_5_8_23.png,RBC
HS2_5_8_24.png,RBC
HS2_5_8_25.png,RBC
HS2_5_8_26.png,RBC
HS2_5_8_27.png,RBC
HS2_5_8_28.png,RBC
HS2_5_8_29.png,RBC
HS2_5_8_30.png,RBC
HS2_5_8_31.png,RBC
HS2_5_8_32.png,RBC
HS2_5_8_33.png,RBC
HS2_5_8_34.png,RBC
HS2_5_8_35.png,RBC
HS2_5_8_36.png,RBC
HS2_5_8_37.png,RBC
HS2_5_8_38.png,RBC
HS2_5_8_39.png,RBC
HS2_5_8_40.png,RBC
HS2_5_8_41.png,RBC
HS2_5_8_42.png,RBC
HS2_5_8_43.png,RBC
HS2_5_8_44.png,RBC
HS2_5_8_45.png,RBC
HS2_5_8_46.png,RBC
HS2_5_8_47.png,RBC
HS2_5_8_48.png,RBC
HS2_5_8_49.png,RBC
HS2_5_8_50.png,RBC
HS2_5_8_51.png,RBC
HS2_5_8_53.png,RBC
HS2_5_8_54.png,RBC
HS2_5_8_55.png,RBC
HS2_5_8_56.png,RBC
HS2_5_8_57.png,RBC
HS2_5_8_58.png,RBC
HS2_5_8_59.png,RBC
HS2_5_8_60.png,RBC
HS2_5_8_61.png,RBC
HS2_5_8_62.png,RBC
HS2_5_8_63.png,RBC
HS2_5_8_64.png,RBC
HS2_5_8_65.png,RBC
HS2_5_8_66.png,RBC
HS2_5_8_67.png,RBC
HS2_5_8_68.png,RBC
HS2_5_8_69.png,RBC
HS2_5_8_70.png,RBC
HS2_5_8_71.png,RBC
HS2_5_8_72.png,RBC
HS2_5_8_73.png,RBC
HS2_5_8_74.png,RBC
HS2_5_8_75.png,RBC
HS2_5_8_76.png,RBC
HS2_5_8_77.png,RBC
HS2_5_8_78.png,RBC
HS2_5_8_79.png,RBC
HS2_5_8_80.png,RBC
HS2_5_8_81.png,RBC
HS2_5_8_82.png,RBC
HS2_5_8_83.png,RBC
HS2_5_8_84.png,RBC
HS2_5_8_85.png,RBC
HS2_5_8_86.png,RBC
HS2_5_8_87.png,RBC
HS2_5_8_88.png,RBC
HS2_5_8_89.png,RBC
HS2_5_8_90.png,RBC
HS2_5_8_91.png,RBC
HS2_5_8_92.png,RBC
HS2_5_8_93.png,RBC
HS2_5_8_94.png,RBC
HS2_5_8_95.png,RBC
HS2_5_8_96.png,RBC
HS2_5_8_97.png,RBC
HS2_5_8_98.png,RBC
HS2_5_8_99.png,RBC
HS2_5_8_100.png,RBC
HS2_5_8_101.png,RBC
HS2_5_8_102.png,RBC
HS2_5_8_103.png,WBC
HS2_5_8_104.png,RBC
HS2_5_8_105.png,RBC
HS2_5_8_106.png,RBC
HS2_5_8_107.png,RBC
HS2_5_8_108.png,RBC
HS2_5_8_109.png,RBC
HS2_5_8_110.png,RBC
HS2_5_8_111.png,RBC
HS2_5_8_113.png,RBC
HS2_5_8_114.png,RBC
HS2_5_8_117.png,RBC
HS2_5_8_118.png,RBC
HS2_5_8_119.png,RBC
HS2_5_8_123.png,RBC
HS2_5_8_130.png,RBC
HS2_5_8_131.png,RBC
HS2_5_8_148.png,RBC
HS2_5_8_153.png,RBC
HS2_5_8_154.png,RBC
HS2_6_12_0.png,RBC
HS2_6_12_1.png,RBC
HS2_6_12_2.png,RBC
HS2_6_12_3.png,RBC
HS2_6_12_4.png,RBC
HS2_6_12_5.png,RBC
HS2_6_12_6.png,RBC
HS2_6_12_7.png,RBC
HS2_6_12_8.png,RBC
HS2_6_12_9.png,RBC
HS2_6_12_10.png,RBC
HS2_6_12_11.png,RBC
HS2_6_12_12.png,RBC
HS2_6_12_13.png,RBC
HS2_6_12_14.png,RBC
HS2_6_12_15.png,RBC
HS2_6_12_16.png,RBC
HS2_6_12_17.png,RBC
HS2_6_12_18.png,RBC
HS2_6_12_19.png,RBC
HS2_6_12_20.png,RBC
HS2_6_12_21.png,RBC
HS2_6_12_22.png,RBC
HS2_6_12_23.png,RBC
HS2_6_12_24.png,RBC
HS2_6_12_25.png,RBC
HS2_6_12_26.png,RBC
HS2_6_12_27.png,RBC
HS2_6_12_28.png,RBC
HS2_6_12_29.png,RBC
HS2_6_12_30.png,RBC
HS2_6_12_31.png,RBC
HS2_6_12_32.png,RBC
HS2_6_12_33.png,RBC
HS2_6_12_34.png,RBC
HS2_6_12_35.png,RBC
HS2_6_12_36.png,RBC
HS2_6_12_37.png,RBC
HS2_6_12_38.png,RBC
HS2_6_12_39.png,RBC
HS2_6_12_40.png,RBC
HS2_6_12_41.png,RBC
HS2_6_12_42.png,RBC
HS2_6_12_43.png,RBC
HS2_6_12_44.png,RBC
HS2_6_12_45.png,RBC
HS2_6_12_46.png,RBC
HS2_6_12_47.png,RBC
HS2_6_12_48.png,RBC
HS2_6_12_49.png,RBC
HS2_6_12_50.png,RBC
HS2_6_12_51.png,RBC
HS2_6_12_52.png,RBC
HS2_6_12_53.png,RBC
HS2_6_12_54.png,RBC
HS2_6_12_55.png,RBC
HS2_6_12_56.png,RBC
HS2_6_12_57.png,RBC
HS2_6_12_58.png,RBC
HS2_6_12_59.png,RBC
HS2_6_12_60.png,RBC
HS2_6_12_61.png,RBC
HS2_6_12_62.png,RBC
HS2_6_12_63.png,RBC
HS2_6_12_64.png,RBC
HS2_6_12_65.png,RBC
HS2_6_12_66.png,RBC
HS2_6_12_67.png,RBC
HS2_6_12_68.png,RBC
HS2_6_12_69.png,RBC
HS2_6_12_70.png,RBC
HS2_6_12_71.png,RBC
HS2_6_12_72.png,RBC
HS2_6_12_73.png,RBC
HS2_6_12_74.png,RBC
HS2_6_12_75.png,RBC
HS2_6_12_76.png,RBC
HS2_6_12_77.png,RBC
HS2_6_12_78.png,RBC
HS2_6_12_79.png,RBC
HS2_6_12_80.png,RBC
HS2_6_12_81.png,RBC
HS2_6_12_82.png,RBC
HS2_6_12_83.png,RBC
HS2_6_12_84.png,RBC
HS2_6_12_85.png,RBC
HS2_6_12_86.png,RBC
HS2_6_12_87.png,RBC
HS2_6_12_88.png,RBC
HS2_6_12_89.png,RBC
HS2_6_12_90.png,RBC
HS2_6_12_91.png,RBC
HS2_6_12_92.png,RBC
HS2_6_12_93.png,RBC
HS2_6_12_94.png,RBC
HS2_6_12_95.png,RBC
HS2_6_12_96.png,RBC
HS2_6_12_97.png,RBC
HS2_6_12_98.png,WBC
HS2_6_12_99.png,RBC
HS2_6_12_100.png,RBC
HS2_6_12_101.png,RBC
HS2_6_12_102.png,RBC
HS2_6_12_103.png,RBC
HS2_6_12_104.png,RBC
HS2_6_12_105.png,RBC
HS2_6_12_107.png,RBC
HS2_6_12_108.png,RBC
HS2_6_12_109.png,RBC
HS2_6_12_110.png,RBC
HS2_6_12_112.png,RBC
HS2_6_12_113.png,RBC
HS2_6_12_115.png,RBC
HS2_6_12_116.png,RBC
HS2_6_12_117.png,RBC
HS2_6_12_118.png,RBC
HS2_6_12_119.png,RBC
HS2_6_12_121.png,RBC
HS2_6_12_123.png,RBC
HS2_6_12_124.png,WBC
HS2_6_12_130.png,RBC
HS2_6_12_131.png,RBC
HS2_6_12_133.png,RBC
HS2_6_12_142.png,RBC
HS2_6_12_148.png,WBC
HS2_6_12_149.png,RBC
HS2_6_19_0.png,RBC
HS2_6_19_1.png,RBC
HS2_6_19_2.png,RBC
HS2_6_19_3.png,RBC
HS2_6_19_4.png,RBC
HS2_6_19_5.png,RBC
HS2_6_19_6.png,RBC
HS2_6_19_7.png,RBC
HS2_6_19_8.png,RBC
HS2_6_19_9.png,RBC
HS2_6_19_10.png,RBC
HS2_6_19_11.png,RBC
HS2_6_19_12.png,RBC
HS2_6_19_13.png,RBC
HS2_6_19_14.png,RBC
HS2_6_19_15.png,RBC
HS2_6_19_16.png,RBC
HS2_6_19_17.png,RBC
HS2_6_19_18.png,RBC
HS2_6_19_19.png,RBC
HS2_6_19_20.png,RBC
HS2_6_19_21.png,RBC
HS2_6_19_22.png,RBC
HS2_6_19_23.png,RBC
HS2_6_19_24.png,RBC
HS2_6_19_25.png,RBC
HS2_6_19_26.png,RBC
HS2_6_19_27.png,RBC
HS2_6_19_28.png,RBC
HS2_6_19_29.png,RBC
HS2_6_19_30.png,RBC
HS2_6_19_31.png,RBC
HS2_6_19_32.png,RBC
HS2_6_19_33.png,RBC
HS2_6_19_34.png,RBC
HS2_6_19_35.png,RBC
HS2_6_19_36.png,RBC
HS2_6_19_37.png,RBC
HS2_6_19_38.png,RBC
HS2_6_19_39.png,RBC
HS2_6_19_40.png,RBC
HS2_6_19_41.png,RBC
HS2_6_19_42.png,RBC
HS2_6_19_43.png,RBC
HS2_6_19_44.png,RBC
HS2_6_19_46.png,RBC
HS2_6_19_47.png,RBC
HS2_6_19_48.png,RBC
HS2_6_19_49.png,RBC
HS2_6_19_50.png,RBC
HS2_6_19_51.png,RBC
HS2_6_19_52.png,RBC
HS2_6_19_53.png,RBC
HS2_6_19_54.png,RBC
HS2_6_19_55.png,RBC
HS2_6_19_56.png,RBC
HS2_6_19_57.png,RBC
HS2_6_19_58.png,RBC
HS2_6_19_59.png,RBC
HS2_6_19_60.png,RBC
HS2_6_19_61.png,RBC
HS2_6_19_62.png,RBC
HS2_6_19_63.png,RBC
HS2_6_19_64.png,RBC
HS2_6_19_65.png,RBC
HS2_6_19_66.png,RBC
HS2_6_19_67.png,RBC
HS2_6_19_68.png,RBC
HS2_6_19_69.png,RBC
HS2_6_19_70.png,RBC
HS2_6_19_71.png,RBC
HS2_6_19_72.png,RBC
HS2_6_19_73.png,RBC
HS2_6_19_74.png,RBC
HS2_6_19_75.png,RBC
HS2_6_19_76.png,RBC
HS2_6_19_77.png,RBC
HS2_6_19_78.png,RBC
HS2_6_19_79.png,RBC
HS2_6_19_80.png,RBC
HS2_6_19_81.png,RBC
HS2_6_19_82.png,RBC
HS2_6_19_83.png,RBC
HS2_6_19_84.png,RBC
HS2_6_19_85.png,RBC
HS2_6_19_86.png,WBC
HS2_6_19_87.png,RBC
HS2_6_19_88.png,RBC
HS2_6_19_89.png,RBC
HS2_6_19_90.png,RBC
HS2_6_19_91.png,RBC
HS2_6_19_92.png,RBC
HS2_6_19_93.png,RBC
HS2_6_19_94.png,RBC
HS2_6_19_96.png,RBC
HS2_6_19_97.png,RBC
HS2_6_19_98.png,RBC
HS2_6_19_99.png,RBC
HS2_6_19_101.png,RBC
HS2_6_19_102.png,RBC
HS2_6_19_103.png,RBC
HS2_6_19_104.png,RBC
HS2_6_19_105.png,RBC
HS2_6_19_107.png,RBC
HS2_6_19_108.png,RBC
HS2_6_19_109.png,RBC
HS2_6_19_119.png,RBC
HS2_6_19_120.png,RBC
HS2_6_19_123.png,RBC
HS2_6_19_131.png,RBC
HS2_6_19_132.png,RBC
HS2_6_19_133.png,RBC
HS2_6_19_143.png,RBC
HS2_6_19_146.png,RBC
HS2_6_19_147.png,RBC
HS2_6_5_0.png,RBC
HS2_6_5_1.png,RBC
HS2_6_5_2.png,RBC
HS2_6_5_3.png,RBC
HS2_6_5_4.png,RBC
HS2_6_5_5.png,RBC
HS2_6_5_6.png,RBC
HS2_6_5_7.png,RBC
HS2_6_5_8.png,RBC
HS2_6_5_9.png,RBC
HS2_6_5_10.png,RBC
HS2_6_5_11.png,RBC
HS2_6_5_12.png,RBC
HS2_6_5_13.png,RBC
HS2_6_5_14.png,RBC
HS2_6_5_15.png,RBC
HS2_6_5_16.png,RBC
HS2_6_5_17.png,RBC
HS2_6_5_18.png,RBC
HS2_6_5_19.png,RBC
HS2_6_5_20.png,RBC
HS2_6_5_21.png,RBC
HS2_6_5_22.png,RBC
HS2_6_5_23.png,RBC
HS2_6_5_24.png,RBC
HS2_6_5_25.png,RBC
HS2_6_5_26.png,RBC
HS2_6_5_27.png,RBC
HS2_6_5_28.png,RBC
HS2_6_5_29.png,RBC
HS2_6_5_30.png,RBC
HS2_6_5_31.png,RBC
HS2_6_5_32.png,RBC
HS2_6_5_33.png,RBC
HS2_6_5_34.png,RBC
HS2_6_5_35.png,RBC
HS2_6_5_36.png,RBC
HS2_6_5_37.png,RBC
HS2_6_5_38.png,RBC
HS2_6_5_39.png,RBC
HS2_6_5_40.png,RBC
HS2_6_5_41.png,RBC
HS2_6_5_42.png,RBC
HS2_6_5_43.png,RBC
HS2_6_5_44.png,RBC
HS2_6_5_45.png,RBC
HS2_6_5_46.png,RBC
HS2_6_5_47.png,RBC
HS2_6_5_48.png,RBC
HS2_6_5_49.png,RBC
HS2_6_5_50.png,RBC
HS2_6_5_51.png,RBC
HS2_6_5_52.png,RBC
HS2_6_5_53.png,RBC
HS2_6_5_54.png,RBC
HS2_6_5_55.png,RBC
HS2_6_5_56.png,RBC
HS2_6_5_57.png,RBC
HS2_6_5_58.png,RBC
HS2_6_5_59.png,RBC
HS2_6_5_60.png,RBC
HS2_6_5_61.png,RBC
HS2_6_5_62.png,RBC
HS2_6_5_63.png,RBC
HS2_6_5_64.png,RBC
HS2_6_5_65.png,RBC
HS2_6_5_66.png,RBC
HS2_6_5_67.png,RBC
HS2_6_5_68.png,RBC
HS2_6_5_69.png,RBC
HS2_6_5_70.png,RBC
HS2_6_5_71.png,RBC
HS2_6_5_72.png,RBC
HS2_6_5_73.png,RBC
HS2_6_5_74.png,RBC
HS2_6_5_75.png,RBC
HS2_6_5_76.png,RBC
HS2_6_5_77.png,RBC
HS2_6_5_78.png,RBC
HS2_6_5_79.png,RBC
HS2_6_5_80.png,RBC
HS2_6_5_81.png,RBC
HS2_6_5_82.png,RBC
HS2_6_5_83.png,RBC
HS2_6_5_84.png,RBC
HS2_6_5_85.png,RBC
HS2_6_5_86.png,RBC
HS2_6_5_87.png,RBC
HS2_6_5_88.png,RBC
HS2_6_5_89.png,RBC
HS2_6_5_90.png,RBC
HS2_6_5_91.png,RBC
HS2_6_5_92.png,RBC
HS2_6_5_93.png,RBC
HS2_6_5_94.png,RBC
HS2_6_5_95.png,RBC
HS2_6_5_96.png,RBC
HS2_6_5_97.png,RBC
HS2_6_5_98.png,RBC
HS2_6_5_99.png,RBC
HS2_6_5_100.png,RBC
HS2_6_5_101.png,RBC
HS2_6_5_102.png,RBC
HS2_6_5_103.png,RBC
HS2_6_5_106.png,RBC
HS2_6_5_107.png,WBC
HS2_6_5_108.png,RBC
HS2_6_5_109.png,RBC
HS2_6_5_111.png,RBC
HS2_6_5_112.png,RBC
HS2_6_5_114.png,RBC
HS2_6_5_115.png,RBC
HS2_6_5_122.png,RBC
HS2_6_5_127.png,RBC
HS2_6_5_128.png,RBC
HS2_7_11_0.png,RBC
HS2_7_11_1.png,RBC
HS2_7_11_2.png,RBC
HS2_7_11_3.png,RBC
HS2_7_11_4.png,RBC
HS2_7_11_5.png,RBC
HS2_7_11_6.png,RBC
HS2_7_11_7.png,RBC
HS2_7_11_8.png,RBC
HS2_7_11_9.png,RBC
HS2_7_11_10.png,RBC
HS2_7_11_11.png,RBC
HS2_7_11_12.png,RBC
HS2_7_11_13.png,RBC
HS2_7_11_14.png,RBC
HS2_7_11_15.png,RBC
HS2_7_11_16.png,RBC
HS2_7_11_17.png,RBC
HS2_7_11_18.png,RBC
HS2_7_11_19.png,RBC
HS2_7_11_20.png,RBC
HS2_7_11_21.png,RBC
HS2_7_11_22.png,RBC
HS2_7_11_23.png,RBC
HS2_7_11_24.png,RBC
HS2_7_11_25.png,RBC
HS2_7_11_26.png,RBC
HS2_7_11_27.png,RBC
HS2_7_11_28.png,RBC
HS2_7_11_29.png,RBC
HS2_7_11_30.png,RBC
HS2_7_11_31.png,RBC
HS2_7_11_32.png,RBC
HS2_7_11_33.png,RBC
HS2_7_11_34.png,RBC
HS2_7_11_35.png,RBC
HS2_7_11_36.png,RBC
HS2_7_11_37.png,RBC
HS2_7_11_38.png,RBC
HS2_7_11_39.png,RBC
HS2_7_11_40.png,RBC
HS2_7_11_41.png,RBC
HS2_7_11_42.png,RBC
HS2_7_11_43.png,RBC
HS2_7_11_44.png,RBC
HS2_7_11_45.png,RBC
HS2_7_11_46.png,RBC
HS2_7_11_47.png,RBC
HS2_7_11_48.png,RBC
HS2_7_11_49.png,RBC
HS2_7_11_50.png,RBC
HS2_7_11_51.png,RBC
HS2_7_11_52.png,RBC
HS2_7_11_53.png,RBC
HS2_7_11_54.png,RBC
HS2_7_11_55.png,RBC
HS2_7_11_56.png,RBC
HS2_7_11_57.png,RBC
HS2_7_11_58.png,RBC
HS2_7_11_59.png,RBC
HS2_7_11_60.png,RBC
HS2_7_11_61.png,RBC
HS2_7_11_62.png,RBC
HS2_7_11_63.png,RBC
HS2_7_11_64.png,RBC
HS2_7_11_65.png,RBC
HS2_7_11_66.png,RBC
HS2_7_11_67.png,RBC
HS2_7_11_68.png,RBC
HS2_7_11_69.png,RBC
HS2_7_11_70.png,RBC
HS2_7_11_71.png,RBC
HS2_7_11_72.png,RBC
HS2_7_11_73.png,RBC
HS2_7_11_74.png,RBC
HS2_7_11_75.png,RBC
HS2_7_11_76.png,RBC
HS2_7_11_77.png,RBC
HS2_7_11_78.png,RBC
HS2_7_11_79.png,RBC
HS2_7_11_80.png,RBC
HS2_7_11_81.png,RBC
HS2_7_11_82.png,RBC
HS2_7_11_83.png,RBC
HS2_7_11_84.png,RBC
HS2_7_11_86.png,RBC
HS2_7_11_87.png,RBC
HS2_7_11_88.png,RBC
HS2_7_11_89.png,RBC
HS2_7_11_90.png,RBC
HS2_7_11_91.png,RBC
HS2_7_11_92.png,RBC
HS2_7_11_93.png,RBC
HS2_7_11_94.png,RBC
HS2_7_11_95.png,RBC
HS2_7_11_96.png,RBC
HS2_7_11_97.png,RBC
HS2_7_11_98.png,RBC
HS2_7_11_99.png,RBC
HS2_7_11_100.png,RBC
HS2_7_11_101.png,RBC
HS2_7_11_102.png,RBC
HS2_7_11_103.png,RBC
HS2_7_11_104.png,RBC
HS2_7_11_105.png,RBC
HS2_7_11_106.png,RBC
HS2_7_11_107.png,RBC
HS2_7_11_108.png,RBC
HS2_7_11_109.png,RBC
HS2_7_11_110.png,RBC
HS2_7_11_111.png,RBC
HS2_7_11_112.png,RBC
HS2_7_11_113.png,RBC
HS2_7_11_114.png,RBC
HS2_7_11_115.png,RBC
HS2_7_11_116.png,RBC
HS2_7_11_117.png,RBC
HS2_7_11_118.png,RBC
HS2_7_11_122.png,RBC
HS2_7_11_130.png,WBC
HS2_7_11_136.png,RBC
HS2_7_11_142.png,RBC
HS2_7_11_145.png,RBC
HS2_7_11_147.png,RBC
HS2_7_11_149.png,RBC
HS2_7_11_154.png,RBC
HS2_7_11_158.png,RBC
HS2_8_11_0.png,RBC
HS2_8_11_1.png,RBC
HS2_8_11_2.png,RBC
HS2_8_11_3.png,RBC
HS2_8_11_4.png,RBC
HS2_8_11_5.png,RBC
HS2_8_11_6.png,RBC
HS2_8_11_7.png,RBC
HS2_8_11_8.png,RBC
HS2_8_11_9.png,RBC
HS2_8_11_10.png,RBC
HS2_8_11_11.png,RBC
HS2_8_11_12.png,RBC
HS2_8_11_13.png,RBC
HS2_8_11_14.png,RBC
HS2_8_11_15.png,RBC
HS2_8_11_16.png,RBC
HS2_8_11_17.png,RBC
HS2_8_11_18.png,RBC
HS2_8_11_19.png,RBC
HS2_8_11_20.png,RBC
HS2_8_11_21.png,RBC
HS2_8_11_22.png,RBC
HS2_8_11_23.png,RBC
HS2_8_11_24.png,RBC
HS2_8_11_25.png,RBC
HS2_8_11_26.png,RBC
HS2_8_11_27.png,RBC
HS2_8_11_28.png,RBC
HS2_8_11_29.png,RBC
HS2_8_11_30.png,RBC
HS2_8_11_31.png,RBC
HS2_8_11_32.png,RBC
HS2_8_11_33.png,RBC
HS2_8_11_34.png,RBC
HS2_8_11_35.png,RBC
HS2_8_11_36.png,RBC
HS2_8_11_37.png,RBC
HS2_8_11_38.png,RBC
HS2_8_11_40.png,RBC
HS2_8_11_41.png,RBC
HS2_8_11_42.png,RBC
HS2_8_11_43.png,RBC
HS2_8_11_44.png,RBC
HS2_8_11_45.png,RBC
HS2_8_11_46.png,RBC
HS2_8_11_47.png,RBC
HS2_8_11_48.png,RBC
HS2_8_11_49.png,RBC
HS2_8_11_50.png,RBC
HS2_8_11_51.png,RBC
HS2_8_11_52.png,RBC
HS2_8_11_53.png,RBC
HS2_8_11_54.png,RBC
HS2_8_11_55.png,RBC
HS2_8_11_56.png,RBC
HS2_8_11_57.png,RBC
HS2_8_11_58.png,RBC
HS2_8_11_59.png,RBC
HS2_8_11_60.png,RBC
HS2_8_11_61.png,RBC
HS2_8_11_62.png,RBC
HS2_8_11_63.png,RBC
HS2_8_11_64.png,RBC
HS2_8_11_65.png,RBC
HS2_8_11_66.png,RBC
HS2_8_11_67.png,RBC
HS2_8_11_68.png,RBC
HS2_8_11_69.png,RBC
HS2_8_11_70.png,RBC
HS2_8_11_71.png,RBC
HS2_8_11_72.png,RBC
HS2_8_11_73.png,RBC
HS2_8_11_74.png,RBC
HS2_8_11_75.png,RBC
HS2_8_11_76.png,RBC
HS2_8_11_77.png,RBC
HS2_8_11_78.png,RBC
HS2_8_11_79.png,RBC
HS2_8_11_80.png,RBC
HS2_8_11_81.png,RBC
HS2_8_11_82.png,RBC
HS2_8_11_83.png,RBC
HS2_8_11_84.png,RBC
HS2_8_11_85.png,RBC
HS2_8_11_86.png,RBC
HS2_8_11_87.png,RBC
HS2_8_11_88.png,RBC
HS2_8_11_89.png,RBC
HS2_8_11_90.png,RBC
HS2_8_11_91.png,RBC
HS2_8_11_92.png,RBC
HS2_8_11_93.png,RBC
HS2_8_11_94.png,RBC
HS2_8_11_95.png,RBC
HS2_8_11_96.png,RBC
HS2_8_11_97.png,RBC
HS2_8_11_98.png,RBC
HS2_8_11_99.png,RBC
HS2_8_11_100.png,RBC
HS2_8_11_101.png,RBC
HS2_8_11_102.png,RBC
HS2_8_11_103.png,RBC
HS2_8_11_104.png,RBC
HS2_8_11_105.png,RBC
HS2_8_11_106.png,RBC
HS2_8_11_107.png,RBC
HS2_8_11_108.png,RBC
HS2_8_11_109.png,RBC
HS2_8_11_110.png,RBC
HS2_8_11_111.png,RBC
HS2_8_11_112.png,RBC
HS2_8_11_113.png,RBC
HS2_8_11_114.png,RBC
HS2_8_11_115.png,RBC
HS2_8_11_116.png,RBC
HS2_8_11_117.png,RBC
HS2_8_11_118.png,RBC
HS2_8_11_119.png,RBC
HS2_8_11_122.png,RBC
HS2_8_11_124.png,RBC
HS2_8_11_125.png,RBC
HS2_8_11_129.png,RBC
HS2_8_11_131.png,RBC
HS2_8_11_135.png,RBC
HS2_8_11_139.png,RBC
HS2_8_11_143.png,RBC
HS2_8_11_146.png,RBC
HS2_8_11_149.png,RBC
HS2_8_11_152.png,WBC
